route_code,route_name,route_type,stop_order,stop_name,latitude,longitude,source,fix_note,also_known_as
1-E,Manzoor Colony - Faqeer Colony,Local Bus,1,Manzoor Colony,24.84588,67.0873347,original,,
1-E,Manzoor Colony - Faqeer Colony,Local Bus,2,Bismillah Stop,24.83162005,67.14451077,original,,
1-E,Manzoor Colony - Faqeer Colony,Local Bus,3,Mehmoodabad No 6,24.85788262,67.08319274,original,,
1-E,Manzoor Colony - Faqeer Colony,Local Bus,4,Mehmoodabad No.5,24.85607089,67.07934783,original,,
1-E,Manzoor Colony - Faqeer Colony,Local Bus,5,Mehmoodabad No.4,24.85505235,67.07734677,original,,
1-E,Manzoor Colony - Faqeer Colony,Local Bus,6,Mehmoodabad No.3,24.85450576,67.07527141,original,,
1-E,Manzoor Colony - Faqeer Colony,Local Bus,7,Mehmoodabad No.2,24.85357209,67.07246517,original,,
1-E,Manzoor Colony - Faqeer Colony,Local Bus,8,Mehmoodabad No.1,24.8517963,67.06812927,original,,
1-E,Manzoor Colony - Faqeer Colony,Local Bus,9,Corporation,24.85559875,67.00782826,original,,
1-E,Manzoor Colony - Faqeer Colony,Local Bus,10,Parsi Colony,24.8720444,67.0301676,original,,
1-E,Manzoor Colony - Faqeer Colony,Local Bus,11,Kalapul,24.8480594,67.0485377,original,,
1-E,Manzoor Colony - Faqeer Colony,Local Bus,12,Jinnah Hospital,24.8517423,67.0471346,original,,
1-E,Manzoor Colony - Faqeer Colony,Local Bus,13,Regent Palaz,24.8551614,67.0399427,original,,
1-E,Manzoor Colony - Faqeer Colony,Local Bus,14,Lucky Star,24.857065,67.0331655,original,,
1-E,Manzoor Colony - Faqeer Colony,Local Bus,15,Saddar,24.85964895,67.03081575,original,,
1-E,Manzoor Colony - Faqeer Colony,Local Bus,16,Numaish,24.8733627,67.0359938,original,,
1-E,Manzoor Colony - Faqeer Colony,Local Bus,17,Gurumandir,24.88140425,67.03925328,original,,
1-E,Manzoor Colony - Faqeer Colony,Local Bus,18,Patel Para,24.8850313,67.0373183,original,,
1-E,Manzoor Colony - Faqeer Colony,Local Bus,19,Lasbela Chowk,24.8873906,67.0330192,original,,
1-E,Manzoor Colony - Faqeer Colony,Local Bus,20,Golimar,24.9011071,67.0304545,original,,
1-E,Manzoor Colony - Faqeer Colony,Local Bus,21,Petrol Pump,24.91049797,67.0317775,original,,
1-E,Manzoor Colony - Faqeer Colony,Local Bus,22,Nazimabad,24.905865,67.0307183,original,,
1-E,Manzoor Colony - Faqeer Colony,Local Bus,23,Habib Bank,24.9365406,67.0656617,original,,
1-E,Manzoor Colony - Faqeer Colony,Local Bus,24,Valika,24.9272234,67.0155671,original,,
1-E,Manzoor Colony - Faqeer Colony,Local Bus,25,Orangi No 4,24.9461056,67.0128813,original,,
1-E,Manzoor Colony - Faqeer Colony,Local Bus,26,Orangi No 10,24.9461056,67.0128813,original,,
1-E,Manzoor Colony - Faqeer Colony,Local Bus,27,Faqeer Colony,24.92615645,66.97533753,original,,
1-L,Raees Amrohi Colony - Sharifabad,Local Bus,1,Raees Amrohi Colony,24.9609285,66.9743851,original,,
1-L,Raees Amrohi Colony - Sharifabad,Local Bus,2,Islam Chowk,24.9552879,66.9900921,original,,
1-L,Raees Amrohi Colony - Sharifabad,Local Bus,3,Nishan e hyder Chowk,24.9472011,66.99404664,original,,
1-L,Raees Amrohi Colony - Sharifabad,Local Bus,4,Orangi No 5,24.94093003,67.00120971,original,,
1-L,Raees Amrohi Colony - Sharifabad,Local Bus,5,Habib Bank,24.9365406,67.0656617,original,,
1-L,Raees Amrohi Colony - Sharifabad,Local Bus,6,Imam Bara,24.8867316,67.046841,original,,
1-L,Raees Amrohi Colony - Sharifabad,Local Bus,7,Bismillah Hotel,24.8143365,67.0365676,original,,
1-L,Raees Amrohi Colony - Sharifabad,Local Bus,8,Garden,24.8457029,67.0234024,original,,
1-L,Raees Amrohi Colony - Sharifabad,Local Bus,9,Saddar,24.85964895,67.03081575,original,,
1-L,Raees Amrohi Colony - Sharifabad,Local Bus,10,Jinnah Hospital,24.8517423,67.0471346,original,,
1-L,Raees Amrohi Colony - Sharifabad,Local Bus,11,Akhter Colony,24.8340477,67.0742769,original,,
1-L,Raees Amrohi Colony - Sharifabad,Local Bus,12,Qayyumabad,24.8293018,67.0809166,original,,
1-L,Raees Amrohi Colony - Sharifabad,Local Bus,13,Korangi Industrial Area,24.841706,67.1339881,original,,
1-L,Raees Amrohi Colony - Sharifabad,Local Bus,14,Sharifabad,24.9112963,67.0537095,original,,
11-A,Gulistan e jouhar - M.a Jinnah Road,Local Bus,1,Gulistan e jouhar,24.9311811,67.1570819,original,,
11-A,Gulistan e jouhar - M.a Jinnah Road,Local Bus,2,Safari Park,24.92050075,67.11144638,original,,
11-A,Gulistan e jouhar - M.a Jinnah Road,Local Bus,3,Nipa Chowrangi,24.917822,67.0971368,original,,
11-A,Gulistan e jouhar - M.a Jinnah Road,Local Bus,4,Civic Centre,24.90068052,67.07315729,original,,
11-A,Gulistan e jouhar - M.a Jinnah Road,Local Bus,5,Sabzi Mandi,24.860696,67.0005244,original,,
11-A,Gulistan e jouhar - M.a Jinnah Road,Local Bus,6,Jail Road,24.8891661,67.0515129,original,,
11-A,Gulistan e jouhar - M.a Jinnah Road,Local Bus,7,Hyderabad Colony,24.8853926,67.0539685,original,,
11-A,Gulistan e jouhar - M.a Jinnah Road,Local Bus,8,Gurumandir,24.88140425,67.03925328,original,,
11-A,Gulistan e jouhar - M.a Jinnah Road,Local Bus,9,Numaish,24.8733627,67.0359938,original,,
11-A,Gulistan e jouhar - M.a Jinnah Road,Local Bus,10,Saddar,24.85964895,67.03081575,original,,
11-A,Gulistan e jouhar - M.a Jinnah Road,Local Bus,11,Regal Chowk,24.8604633,67.0244318,original,,
11-A,Gulistan e jouhar - M.a Jinnah Road,Local Bus,12,Saeed Manzil,24.840312,67.0177218,original,,
11-A,Gulistan e jouhar - M.a Jinnah Road,Local Bus,13,M.a Jinnah Road,24.8750228,67.0372144,original,,
11-C,Azam Basti - Safoora Goth,Local Bus,1,Azam Basti,24.8481043,67.0746834,original,,
11-C,Azam Basti - Safoora Goth,Local Bus,2,Corporation,24.85559875,67.00782826,original,,
11-C,Azam Basti - Safoora Goth,Local Bus,3,Parsi Colony,24.8720444,67.0301676,original,,
11-C,Azam Basti - Safoora Goth,Local Bus,4,Kalapul,24.8480594,67.0485377,original,,
11-C,Azam Basti - Safoora Goth,Local Bus,5,Jinnah Hospital,24.8517423,67.0471346,original,,
11-C,Azam Basti - Safoora Goth,Local Bus,6,Saddar,24.85964895,67.03081575,original,,
11-C,Azam Basti - Safoora Goth,Local Bus,7,7th Day Hospital,24.8661719,67.02762135,original,,
11-C,Azam Basti - Safoora Goth,Local Bus,8,Numaish,24.8733627,67.0359938,original,,
11-C,Azam Basti - Safoora Goth,Local Bus,9,Gurumandir,24.88140425,67.03925328,original,,
11-C,Azam Basti - Safoora Goth,Local Bus,10,Islamia College,24.8797964,67.04616588,original,,
11-C,Azam Basti - Safoora Goth,Local Bus,11,Jail Chowrangi,24.8848564,67.0565777,original,,
11-C,Azam Basti - Safoora Goth,Local Bus,12,New Town Police Station,24.8888121,67.0604742,original,,
11-C,Azam Basti - Safoora Goth,Local Bus,13,Sabzi Mandi,24.860696,67.0005244,original,,
11-C,Azam Basti - Safoora Goth,Local Bus,14,Civic Centre,24.90068052,67.07315729,original,,
11-C,Azam Basti - Safoora Goth,Local Bus,15,Urdu College,24.9130813,67.0912676,original,,
11-C,Azam Basti - Safoora Goth,Local Bus,16,Nipa Chowrangi,24.917822,67.0971368,original,,
11-C,Azam Basti - Safoora Goth,Local Bus,17,Safari Park,24.92050075,67.11144638,original,,
11-C,Azam Basti - Safoora Goth,Local Bus,18,Karachi University,24.8787907,67.04753855,original,,
11-C,Azam Basti - Safoora Goth,Local Bus,19,Safoora Goth,24.9392946,67.1561264,original,,
17-H,Saddar - Dhobi Ghat,Local Bus,1,Saddar,24.85964895,67.03081575,original,,
17-H,Saddar - Dhobi Ghat,Local Bus,2,Jinnah Hospital,24.8517423,67.0471346,original,,
17-H,Saddar - Dhobi Ghat,Local Bus,3,Kalapul,24.8480594,67.0485377,original,,
17-H,Saddar - Dhobi Ghat,Local Bus,4,Defence Market,24.8384869,67.0811535,original,,
17-H,Saddar - Dhobi Ghat,Local Bus,5,Akhter Colony,24.8340477,67.0742769,original,,
17-H,Saddar - Dhobi Ghat,Local Bus,6,Kpt Interchange,24.8312646,67.0809597,original,,
17-H,Saddar - Dhobi Ghat,Local Bus,7,Korangi Crossing,24.81718886,67.10777973,original,,
17-H,Saddar - Dhobi Ghat,Local Bus,8,Korangi No 1,24.8223732,67.13282462,original,,
17-H,Saddar - Dhobi Ghat,Local Bus,9,Korangi No 2 1/2,24.8344317,67.0726736,original,,
17-H,Saddar - Dhobi Ghat,Local Bus,10,Korangi No 4,24.82747891,67.15797424,original,,
17-H,Saddar - Dhobi Ghat,Local Bus,11,Korangi No 5 1/2,24.8770882,67.1453689,original,,
17-H,Saddar - Dhobi Ghat,Local Bus,12,Dhobi Ghat,24.87787915,67.01249693,original,,
17-I,Ghouspak - Pahalwan Goth,Local Bus,1,Ghouspak,24.98616747,67.07035991,original,,
17-I,Ghouspak - Pahalwan Goth,Local Bus,2,Coast Guard,24.86889805,67.02589479,original,,
17-I,Ghouspak - Pahalwan Goth,Local Bus,3,Korangi No 2,24.83869365,67.12041382,original,,
17-I,Ghouspak - Pahalwan Goth,Local Bus,4,Nasir Colony,24.8236047,67.1264773,original,,
17-I,Ghouspak - Pahalwan Goth,Local Bus,5,Chamra Chowrangi,24.83880293,67.120853,original,,
17-I,Ghouspak - Pahalwan Goth,Local Bus,6,Brookse Chowrangi,24.83474331,67.09985492,original,,
17-I,Ghouspak - Pahalwan Goth,Local Bus,7,Kpt Interchange,24.8312646,67.0809597,original,,
17-I,Ghouspak - Pahalwan Goth,Local Bus,8,Akhter Colony,24.8340477,67.0742769,original,,
17-I,Ghouspak - Pahalwan Goth,Local Bus,9,Defence Mor,24.8336954,67.0736861,original,,
17-I,Ghouspak - Pahalwan Goth,Local Bus,10,Kalapul,24.8480594,67.0485377,original,,
17-I,Ghouspak - Pahalwan Goth,Local Bus,11,Jinnah Hospital,24.8517423,67.0471346,original,,
17-I,Ghouspak - Pahalwan Goth,Local Bus,12,Lucky Star,24.857065,67.0331655,original,,
17-I,Ghouspak - Pahalwan Goth,Local Bus,13,Saddar,24.85964895,67.03081575,original,,
17-I,Ghouspak - Pahalwan Goth,Local Bus,14,Numaish,24.8733627,67.0359938,original,,
17-I,Ghouspak - Pahalwan Goth,Local Bus,15,Gurumandir,24.88140425,67.03925328,original,,
17-I,Ghouspak - Pahalwan Goth,Local Bus,16,Islamia College,24.8797964,67.04616588,original,,
17-I,Ghouspak - Pahalwan Goth,Local Bus,17,Jail Chowrangi,24.8848564,67.0565777,original,,
17-I,Ghouspak - Pahalwan Goth,Local Bus,18,New Town,24.8839633,67.05543308,original,,
17-I,Ghouspak - Pahalwan Goth,Local Bus,19,Agha Khan Hospital,24.8293087,67.0655315,original,,
17-I,Ghouspak - Pahalwan Goth,Local Bus,20,National Stadium,24.8946458,67.08160851,original,,
17-I,Ghouspak - Pahalwan Goth,Local Bus,21,Drive in cinema,24.90125318,67.11141068,original,,
17-I,Ghouspak - Pahalwan Goth,Local Bus,22,Aladin Park,24.91201386,67.10585675,original,,
17-I,Ghouspak - Pahalwan Goth,Local Bus,23,Nipa Chowrangi,24.917822,67.0971368,original,,
17-I,Ghouspak - Pahalwan Goth,Local Bus,24,Kala Board,24.8823269,67.1823277,original,,
17-I,Ghouspak - Pahalwan Goth,Local Bus,25,Safari Park,24.92050075,67.11144638,original,,
17-I,Ghouspak - Pahalwan Goth,Local Bus,26,Jauhar Chowrangi,24.9240802,67.1138217,original,,
17-I,Ghouspak - Pahalwan Goth,Local Bus,27,Pahalwan Goth,24.9076695,67.13925488,original,,
17-I,Ghouspak - Pahalwan Goth,Local Bus,28,Ghouspak,24.98616747,67.07035991,original,,
17-I,Ghouspak - Pahalwan Goth,Local Bus,29,Coast Guard,24.86889805,67.02589479,original,,
17-I,Ghouspak - Pahalwan Goth,Local Bus,30,Korangi No 2,24.83869365,67.12041382,original,,
17-I,Ghouspak - Pahalwan Goth,Local Bus,31,Nasir Colony,24.8236047,67.1264773,original,,
17-I,Ghouspak - Pahalwan Goth,Local Bus,32,Chamra Chowrangi,24.83880293,67.120853,original,,
17-I,Ghouspak - Pahalwan Goth,Local Bus,33,Brookse Chowrangi,24.83474331,67.09985492,original,,
17-I,Ghouspak - Pahalwan Goth,Local Bus,34,Kpt Interchange,24.8312646,67.0809597,original,,
17-I,Ghouspak - Pahalwan Goth,Local Bus,35,Akhter Colony,24.8340477,67.0742769,original,,
17-I,Ghouspak - Pahalwan Goth,Local Bus,36,Defence Mor,24.8336954,67.0736861,original,,
17-I,Ghouspak - Pahalwan Goth,Local Bus,37,Kalapul,24.8480594,67.0485377,original,,
17-I,Ghouspak - Pahalwan Goth,Local Bus,38,Jinnah Hospital,24.8517423,67.0471346,original,,
17-I,Ghouspak - Pahalwan Goth,Local Bus,39,Lucky Star,24.857065,67.0331655,original,,
17-I,Ghouspak - Pahalwan Goth,Local Bus,40,Saddar,24.85964895,67.03081575,original,,
17-I,Ghouspak - Pahalwan Goth,Local Bus,41,Numaish,24.8733627,67.0359938,original,,
17-I,Ghouspak - Pahalwan Goth,Local Bus,42,Gurumandir,24.88140425,67.03925328,original,,
17-I,Ghouspak - Pahalwan Goth,Local Bus,43,Islamia College,24.8797964,67.04616588,original,,
17-I,Ghouspak - Pahalwan Goth,Local Bus,44,Jail Chowrangi,24.8848564,67.0565777,original,,
17-I,Ghouspak - Pahalwan Goth,Local Bus,45,New Town,24.8839633,67.05543308,original,,
17-I,Ghouspak - Pahalwan Goth,Local Bus,46,Agha Khan Hospital,24.8293087,67.0655315,original,,
17-I,Ghouspak - Pahalwan Goth,Local Bus,47,National Stadium,24.8946458,67.08160851,original,,
17-I,Ghouspak - Pahalwan Goth,Local Bus,48,Drive in cinema,24.90125318,67.11141068,original,,
17-I,Ghouspak - Pahalwan Goth,Local Bus,49,Aladin Park,24.91201386,67.10585675,original,,
17-I,Ghouspak - Pahalwan Goth,Local Bus,50,Nipa Chowrangi,24.917822,67.0971368,original,,
17-I,Ghouspak - Pahalwan Goth,Local Bus,51,Kala Board,24.8823269,67.1823277,original,,
17-I,Ghouspak - Pahalwan Goth,Local Bus,52,Safari Park,24.92050075,67.11144638,original,,
17-I,Ghouspak - Pahalwan Goth,Local Bus,53,Jauhar Chowrangi,24.9240802,67.1138217,original,,
17-I,Ghouspak - Pahalwan Goth,Local Bus,54,Pahalwan Goth,24.9076695,67.13925488,original,,
17-K,Khadda Market - Saddar,Local Bus,1,Khadda Market,24.81348135,67.04995405,original,,
17-K,Khadda Market - Saddar,Local Bus,2,Hospital Chorangi,24.9443639,67.063704,original,,
17-K,Khadda Market - Saddar,Local Bus,3,Market No 6,24.8175861,67.00440122,original,,
17-K,Khadda Market - Saddar,Local Bus,4,Gul Ahmed Textile Mills,24.8380709,67.2187781,original,,
17-K,Khadda Market - Saddar,Local Bus,5,Tasweer Mahal,24.81414205,67.16822624,original,,
17-K,Khadda Market - Saddar,Local Bus,6,Quaidabad,24.8551282,67.2117445,original,,
17-K,Khadda Market - Saddar,Local Bus,7,Dhobi Ghat,24.87787915,67.01249693,original,,
17-K,Khadda Market - Saddar,Local Bus,8,Dawood Chowrangi,24.85068001,67.20714519,original,,
17-K,Khadda Market - Saddar,Local Bus,9,Mansehra Colony,24.8566331,67.1950077,original,,
17-K,Khadda Market - Saddar,Local Bus,10,Korangi No 6,24.8344317,67.0726736,original,,
17-K,Khadda Market - Saddar,Local Bus,11,Qayyumabad,24.8293018,67.0809166,original,,
17-K,Khadda Market - Saddar,Local Bus,12,Murtaza Chowrangi,24.85039769,67.18121486,original,,
17-K,Khadda Market - Saddar,Local Bus,13,Defence Society,24.9594098,67.1888088,original,,
17-K,Khadda Market - Saddar,Local Bus,14,Singer Chowrangi,24.8470847,67.15963,original,,
17-K,Khadda Market - Saddar,Local Bus,15,Jinnah Hospital,24.8517423,67.0471346,original,,
17-K,Khadda Market - Saddar,Local Bus,16,Bilal Chowrangi,24.8431266,67.1416599,original,,
17-K,Khadda Market - Saddar,Local Bus,17,Raja Ghazanfar Ali Road,24.8606732,67.0284811,original,,
17-K,Khadda Market - Saddar,Local Bus,18,Vita Chowrangi,24.841706,67.1339881,original,,
17-K,Khadda Market - Saddar,Local Bus,19,Chamra Chowrangi,24.83880293,67.120853,original,,
17-K,Khadda Market - Saddar,Local Bus,20,Brookse Chowrangi,24.83474331,67.09985492,original,,
17-K,Khadda Market - Saddar,Local Bus,21,Kpt Interchange,24.8312646,67.0809597,original,,
17-K,Khadda Market - Saddar,Local Bus,22,Akhter Colony,24.8340477,67.0742769,original,,
17-K,Khadda Market - Saddar,Local Bus,23,Defence Mor,24.8336954,67.0736861,original,,
17-K,Khadda Market - Saddar,Local Bus,24,Kalapul,24.8480594,67.0485377,original,,
17-K,Khadda Market - Saddar,Local Bus,25,Jinnah Hospital,24.8517423,67.0471346,original,,
17-K,Khadda Market - Saddar,Local Bus,26,Lucky Star,24.857065,67.0331655,original,,
17-K,Khadda Market - Saddar,Local Bus,27,Saddar,24.85964895,67.03081575,original,,
19-D,Faqeer Colony - Bilawal Chowrangi,Local Bus,1,Faqeer Colony,24.92615645,66.97533753,original,,
19-D,Faqeer Colony - Bilawal Chowrangi,Local Bus,2,Hub River Road,24.93284598,66.94017054,original,,
19-D,Faqeer Colony - Bilawal Chowrangi,Local Bus,3,Shershah,24.8840043,66.9930042,original,,
19-D,Faqeer Colony - Bilawal Chowrangi,Local Bus,4,Chakiwara,24.8642134,66.99972,original,,
19-D,Faqeer Colony - Bilawal Chowrangi,Local Bus,5,Lee Market,24.860696,67.0005244,original,,
19-D,Faqeer Colony - Bilawal Chowrangi,Local Bus,6,Haji Camp,24.84404605,67.03777688,original,,
19-D,Faqeer Colony - Bilawal Chowrangi,Local Bus,7,Jamila Street,24.8676071,67.0119126,original,,
19-D,Faqeer Colony - Bilawal Chowrangi,Local Bus,8,Nishter Road,24.8878297,67.0334988,original,,
19-D,Faqeer Colony - Bilawal Chowrangi,Local Bus,9,Baba Urdu Road,24.9024963,67.0502744,original,,
19-D,Faqeer Colony - Bilawal Chowrangi,Local Bus,10,Shahrah e liaquat,24.8576667,67.018669,original,,
19-D,Faqeer Colony - Bilawal Chowrangi,Local Bus,11,Fresco Chowk,24.8901591,67.0776219,original,,
19-D,Faqeer Colony - Bilawal Chowrangi,Local Bus,12,Mohammad Bin Qasim Road,24.85499985,67.01518564,original,,
19-D,Faqeer Colony - Bilawal Chowrangi,Local Bus,13,M.a Jinnah Road,24.8750228,67.0372144,original,,
19-D,Faqeer Colony - Bilawal Chowrangi,Local Bus,14,Mansfield Street,24.8648812,67.0293905,original,,
19-D,Faqeer Colony - Bilawal Chowrangi,Local Bus,15,Empress Market,24.8620983,67.0294872,original,,
19-D,Faqeer Colony - Bilawal Chowrangi,Local Bus,16,Mir Karim Ali Talpur Road,24.85950212,67.03113627,original,,
19-D,Faqeer Colony - Bilawal Chowrangi,Local Bus,17,Wellington Street,24.8593351,67.0328701,original,,
19-D,Faqeer Colony - Bilawal Chowrangi,Local Bus,18,Cantt Station,24.8437905,67.04114382,original,,
19-D,Faqeer Colony - Bilawal Chowrangi,Local Bus,19,Clifton,24.8180162,67.0070534,original,,
19-D,Faqeer Colony - Bilawal Chowrangi,Local Bus,20,Dehli Colony,24.8322267,67.04126075,original,,
19-D,Faqeer Colony - Bilawal Chowrangi,Local Bus,21,Gizri,24.8245033,67.0469435,original,,
19-D,Faqeer Colony - Bilawal Chowrangi,Local Bus,22,Zamzaman Neelam Colony,24.81506671,67.03608215,original,,
19-D,Faqeer Colony - Bilawal Chowrangi,Local Bus,23,Abdullah Shah Ghazi Road,24.81077366,67.0308951,original,,
19-D,Faqeer Colony - Bilawal Chowrangi,Local Bus,24,Khyaban Saadi,24.81727539,67.0766928,original,,
19-D,Faqeer Colony - Bilawal Chowrangi,Local Bus,25,Bilawal Chowrangi,24.81580756,67.02027104,original,,
2-K,North Nazimabad Block M - Keamari,Local Bus,1,North Nazimabad Block M,24.94506995,67.0569223,original,,
2-K,North Nazimabad Block M - Keamari,Local Bus,2,Shahrah e jehangir,24.92913957,67.06361318,original,,
2-K,North Nazimabad Block M - Keamari,Local Bus,3,Water Pump,24.874899,67.1673,original,,
2-K,North Nazimabad Block M - Keamari,Local Bus,4,Hyderi,24.93622,67.0439858,original,,
2-K,North Nazimabad Block M - Keamari,Local Bus,5,Paposh Nagar,24.92435225,67.01990575,original,,
2-K,North Nazimabad Block M - Keamari,Local Bus,6,Bara Maidan,24.9161949,67.0217581,original,,
2-K,North Nazimabad Block M - Keamari,Local Bus,7,Nazimabad No 2,24.905865,67.0307183,original,,
2-K,North Nazimabad Block M - Keamari,Local Bus,8,Petrol Pump,24.91049797,67.0317775,original,,
2-K,North Nazimabad Block M - Keamari,Local Bus,9,Gurumandir,24.88140425,67.03925328,original,,
2-K,North Nazimabad Block M - Keamari,Local Bus,10,Saddar,24.85964895,67.03081575,original,,
2-K,North Nazimabad Block M - Keamari,Local Bus,11,Burns Road,24.8548711,67.0152444,original,,
2-K,North Nazimabad Block M - Keamari,Local Bus,12,Tower,24.8487511,66.996677,original,,
2-K,North Nazimabad Block M - Keamari,Local Bus,13,Keamari,24.80023885,66.97168461,original,,
20,Clifton - Saeedabad Naiabadi Sector 8,Local Bus,1,Clifton,24.8180162,67.0070534,original,,
20,Clifton - Saeedabad Naiabadi Sector 8,Local Bus,2,Mohata Palace,24.81437941,67.03263778,original,,
20,Clifton - Saeedabad Naiabadi Sector 8,Local Bus,3,2 Talwar,24.8210342,67.03414246,original,,
20,Clifton - Saeedabad Naiabadi Sector 8,Local Bus,4,3 Talwar,24.8338179,67.033666,original,,
20,Clifton - Saeedabad Naiabadi Sector 8,Local Bus,5,Clifton Bridge,24.8409996,67.0327061,original,,
20,Clifton - Saeedabad Naiabadi Sector 8,Local Bus,6,Bagh Jinnah,24.8955866,67.1785595,original,,
20,Clifton - Saeedabad Naiabadi Sector 8,Local Bus,7,Shaheen Complex,24.85081475,67.01951015,original,,
20,Clifton - Saeedabad Naiabadi Sector 8,Local Bus,8,Lucky Star,24.857065,67.0331655,original,,
20,Clifton - Saeedabad Naiabadi Sector 8,Local Bus,9,Saddar,24.85964895,67.03081575,original,,
20,Clifton - Saeedabad Naiabadi Sector 8,Local Bus,10,Garden,24.8457029,67.0234024,original,,
20,Clifton - Saeedabad Naiabadi Sector 8,Local Bus,11,Lasbela Chowk,24.8873906,67.0330192,original,,
20,Clifton - Saeedabad Naiabadi Sector 8,Local Bus,12,Old Golimar,24.88553616,67.02093822,original,,
20,Clifton - Saeedabad Naiabadi Sector 8,Local Bus,13,Bara Board,24.90336919,67.01741617,original,,
20,Clifton - Saeedabad Naiabadi Sector 8,Local Bus,14,Habib Bank,24.9365406,67.0656617,original,,
20,Clifton - Saeedabad Naiabadi Sector 8,Local Bus,15,Valika,24.9272234,67.0155671,original,,
20,Clifton - Saeedabad Naiabadi Sector 8,Local Bus,16,Site Police Station,24.9068299,66.9968733,original,,
20,Clifton - Saeedabad Naiabadi Sector 8,Local Bus,17,Labour Square,24.8384436,67.1485025,original,,
20,Clifton - Saeedabad Naiabadi Sector 8,Local Bus,18,Hub River Road,24.93284598,66.94017054,original,,
20,Clifton - Saeedabad Naiabadi Sector 8,Local Bus,19,Sawat Colony,25.0011839,67.0298139,original,,
20,Clifton - Saeedabad Naiabadi Sector 8,Local Bus,20,Police Training School,24.9165319,67.0629332,original,,
20,Clifton - Saeedabad Naiabadi Sector 8,Local Bus,21,Saeedabad Naiabadi Sector 8,24.94049593,66.96279332,original,,
2_-_C,Rehmania Mour - Tower,Local Bus,1,Rehmania Mour,24.9936065,67.05456321,original,,
2_-_C,Rehmania Mour - Tower,Local Bus,2,Khawaja Ajmeer Nagri,24.98553693,67.05912991,original,,
2_-_C,Rehmania Mour - Tower,Local Bus,3,Baradari,24.9059586,67.1116755,original,,
2_-_C,Rehmania Mour - Tower,Local Bus,4,Disco Mor,24.97188826,67.05605144,original,,
2_-_C,Rehmania Mour - Tower,Local Bus,5,Nusrat Bhutto Colony,24.9624416,67.047952,original,,
2_-_C,Rehmania Mour - Tower,Local Bus,6,Abdullah College,24.85674345,66.99166857,original,,
2_-_C,Rehmania Mour - Tower,Local Bus,7,Nazimabad No 7,24.9161806,67.0345881,original,,
2_-_C,Rehmania Mour - Tower,Local Bus,8,Petrol Pump,24.91049797,67.0317775,original,,
2_-_C,Rehmania Mour - Tower,Local Bus,9,Lasbela Chowk,24.8873906,67.0330192,original,,
2_-_C,Rehmania Mour - Tower,Local Bus,10,Patel Para,24.8850313,67.0373183,original,,
2_-_C,Rehmania Mour - Tower,Local Bus,11,Gurumandir,24.88140425,67.03925328,original,,
2_-_C,Rehmania Mour - Tower,Local Bus,12,Numaish,24.8733627,67.0359938,original,,
2_-_C,Rehmania Mour - Tower,Local Bus,13,Saddar,24.85964895,67.03081575,original,,
2_-_C,Rehmania Mour - Tower,Local Bus,14,Frere Hall,24.8475202,67.0330882,original,,
2_-_C,Rehmania Mour - Tower,Local Bus,15,Jama Cloth Market,24.85878235,67.0144873,original,,
2_-_C,Rehmania Mour - Tower,Local Bus,16,Tower,24.8487511,66.996677,original,,
2_-_D,F.b Area - Noorani Masjid,Local Bus,1,F.b Area,24.8980434,67.1172903,original,,
2_-_D,F.b Area - Noorani Masjid,Local Bus,2,Noorani Masjid,24.8934646,67.2086298,original,,
2_-_D,F.b Area - Noorani Masjid,Local Bus,3,Peoples Colony,24.9447964,67.0657815,original,,
2_-_D,F.b Area - Noorani Masjid,Local Bus,4,Imam Bara,24.8867316,67.046841,original,,
2_-_D,F.b Area - Noorani Masjid,Local Bus,5,Humayun Road,24.93474708,67.02705461,original,,
2_-_D,F.b Area - Noorani Masjid,Local Bus,6,Kda Site Office,24.91006701,67.05123458,original,,
2_-_D,F.b Area - Noorani Masjid,Local Bus,7,North Nazimabad,24.9330385,67.0518942,original,,
2_-_D,F.b Area - Noorani Masjid,Local Bus,8,Board Office,24.85388415,67.02427281,original,,
2_-_D,F.b Area - Noorani Masjid,Local Bus,9,Nazimabad No 7,24.9161806,67.0345881,original,,
2_-_D,F.b Area - Noorani Masjid,Local Bus,10,Petrol Pump,24.91049797,67.0317775,original,,
2_-_D,F.b Area - Noorani Masjid,Local Bus,11,Lasbela Chowk,24.8873906,67.0330192,original,,
2_-_D,F.b Area - Noorani Masjid,Local Bus,12,Sabil Wali Masjid,24.87944103,67.0386885,original,,
2_-_D,F.b Area - Noorani Masjid,Local Bus,13,Soldier Bazar,24.8720957,67.0270782,original,,
2_-_D,F.b Area - Noorani Masjid,Local Bus,14,Saddar,24.85964895,67.03081575,original,,
2_-_D,F.b Area - Noorani Masjid,Local Bus,15,Frere Hall,24.8475202,67.0330882,original,,
2_-_D,F.b Area - Noorani Masjid,Local Bus,16,Tower,24.8487511,66.996677,original,,
2_-_D,F.b Area - Noorani Masjid,Local Bus,17,Noorani Masjid,24.8934646,67.2086298,original,,
4-B,New Karachi - Saddar,Local Bus,1,New Karachi,25.007286,67.0768994,original,,
4-B,New Karachi - Saddar,Local Bus,2,Industrial Area,24.86347665,67.01064067,original,,
4-B,New Karachi - Saddar,Local Bus,3,Karimabad,24.9195535,67.0556807,original,,
4-B,New Karachi - Saddar,Local Bus,4,Liaquatabad,24.9029771,67.0386279,original,,
4-B,New Karachi - Saddar,Local Bus,5,Teen Hatti,24.8937682,67.0437051,original,,
4-B,New Karachi - Saddar,Local Bus,6,Gurumandir,24.88140425,67.03925328,original,,
4-B,New Karachi - Saddar,Local Bus,7,M.a Jinnah Road,24.8750228,67.0372144,original,,
4-B,New Karachi - Saddar,Local Bus,8,Bandar Road,24.8750437,67.0370626,original,,
4-B,New Karachi - Saddar,Local Bus,9,Preedy Street,24.8618128,67.0224098,original,,
4-B,New Karachi - Saddar,Local Bus,10,Police Station,24.923289,67.1474984,original,,
4-B,New Karachi - Saddar,Local Bus,11,Saddar,24.85964895,67.03081575,original,,
4-G,Naiabadi - Tower,Local Bus,1,Naiabadi,24.93078255,66.95144676,original,,
4-G,Naiabadi - Tower,Local Bus,2,Karella Mour,24.99583924,67.05656614,original,,
4-G,Naiabadi - Tower,Local Bus,3,Power House,24.9529226,67.0774852,original,,
4-G,Naiabadi - Tower,Local Bus,4,Saleem Centre,24.9138154,67.0912738,original,,
4-G,Naiabadi - Tower,Local Bus,5,Up Mor,24.97276137,67.06671058,original,,
4-G,Naiabadi - Tower,Local Bus,6,Nagan Chowrangi,24.9650421,67.0668664,original,,
4-G,Naiabadi - Tower,Local Bus,7,Sakhi Hasan,24.9557798,67.0547588,original,,
4-G,Naiabadi - Tower,Local Bus,8,Hyderi,24.93622,67.0439858,original,,
4-G,Naiabadi - Tower,Local Bus,9,Board Office,24.85388415,67.02427281,original,,
4-G,Naiabadi - Tower,Local Bus,10,Petrol Pump,24.91049797,67.0317775,original,,
4-G,Naiabadi - Tower,Local Bus,11,Liaquatabad No 10,24.9029771,67.0386279,original,,
4-G,Naiabadi - Tower,Local Bus,12,Post Office,24.8255743,67.083514,original,,
4-G,Naiabadi - Tower,Local Bus,13,Teen Hatti,24.8937682,67.0437051,original,,
4-G,Naiabadi - Tower,Local Bus,14,Gurumandir,24.88140425,67.03925328,original,,
4-G,Naiabadi - Tower,Local Bus,15,Numaish,24.8733627,67.0359938,original,,
4-G,Naiabadi - Tower,Local Bus,16,Saddar,24.85964895,67.03081575,original,,
4-G,Naiabadi - Tower,Local Bus,17,Empress Market,24.8620983,67.0294872,original,,
4-G,Naiabadi - Tower,Local Bus,18,Frere Hall,24.8475202,67.0330882,original,,
4-G,Naiabadi - Tower,Local Bus,19,Burns Road,24.8548711,67.0152444,original,,
4-G,Naiabadi - Tower,Local Bus,20,M.a Jinnah Road,24.8750228,67.0372144,original,,
4-G,Naiabadi - Tower,Local Bus,21,Tower,24.8487511,66.996677,original,,
4-L,Maymar Complex - Tower,Local Bus,1,Maymar Complex,24.95645234,67.09323659,original,,
4-L,Maymar Complex - Tower,Local Bus,2,Al Asif Square,24.9510215,67.0915684,original,,
4-L,Maymar Complex - Tower,Local Bus,3,Sohrab Goth,24.9436845,67.0843456,original,,
4-L,Maymar Complex - Tower,Local Bus,4,Water Pump,24.874899,67.1673,original,,
4-L,Maymar Complex - Tower,Local Bus,5,Karimabad,24.9195535,67.0556807,original,,
4-L,Maymar Complex - Tower,Local Bus,6,Liaquatabad,24.9029771,67.0386279,original,,
4-L,Maymar Complex - Tower,Local Bus,7,Teen Hatti,24.8937682,67.0437051,original,,
4-L,Maymar Complex - Tower,Local Bus,8,Numaish,24.8733627,67.0359938,original,,
4-L,Maymar Complex - Tower,Local Bus,9,Saddar,24.85964895,67.03081575,original,,
4-L,Maymar Complex - Tower,Local Bus,10,Empress Market,24.8620983,67.0294872,original,,
4-L,Maymar Complex - Tower,Local Bus,11,Burns Road,24.8548711,67.0152444,original,,
4-L,Maymar Complex - Tower,Local Bus,12,M.a Jinnah Road,24.8750228,67.0372144,original,,
4-L,Maymar Complex - Tower,Local Bus,13,Tower,24.8487511,66.996677,original,,
45-A,Khokrapar No 4 - Hub River Road,Local Bus,1,Khokrapar No 4,24.9081027,67.2183795,original,,
45-A,Khokrapar No 4 - Hub River Road,Local Bus,2,Saudabad,24.8891859,67.1935454,original,,
45-A,Khokrapar No 4 - Hub River Road,Local Bus,3,Liaquat Market,24.8925873,67.1948553,original,,
45-A,Khokrapar No 4 - Hub River Road,Local Bus,4,Jinnah Square,24.9946638,67.3170291,original,,
45-A,Khokrapar No 4 - Hub River Road,Local Bus,5,Mohabbat Nagar,24.88333537,67.19225874,original,,
45-A,Khokrapar No 4 - Hub River Road,Local Bus,6,Malir No 15,24.8585106,67.034793,original,,
45-A,Khokrapar No 4 - Hub River Road,Local Bus,7,Star Gate,24.8869874,67.1557304,original,,
45-A,Khokrapar No 4 - Hub River Road,Local Bus,8,Drigh Road,24.8866864,67.1258404,original,,
45-A,Khokrapar No 4 - Hub River Road,Local Bus,9,Drive in cinema,24.90125318,67.11141068,original,,
45-A,Khokrapar No 4 - Hub River Road,Local Bus,10,Nipa Chowrangi,24.917822,67.0971368,original,,
45-A,Khokrapar No 4 - Hub River Road,Local Bus,11,Hassan Square,24.9015402,67.0738387,original,,
45-A,Khokrapar No 4 - Hub River Road,Local Bus,12,Nazimabad,24.905865,67.0307183,original,,
45-A,Khokrapar No 4 - Hub River Road,Local Bus,13,Petrol Pump,24.91049797,67.0317775,original,,
45-A,Khokrapar No 4 - Hub River Road,Local Bus,14,Habib Bank,24.9365406,67.0656617,original,,
45-A,Khokrapar No 4 - Hub River Road,Local Bus,15,Naurus Chowrangi,24.90576344,67.01603272,original,,
45-A,Khokrapar No 4 - Hub River Road,Local Bus,16,Ghani Chowrangi,24.894223,66.9895923,original,,
45-A,Khokrapar No 4 - Hub River Road,Local Bus,17,Hub River Road,24.93284598,66.94017054,original,,
45-A,Khokrapar No 4 - Hub River Road,Local Bus,18,Khokrapar No 4,24.9081027,67.2183795,original,,
45-A,Khokrapar No 4 - Hub River Road,Local Bus,19,Saudabad,24.8891859,67.1935454,original,,
45-A,Khokrapar No 4 - Hub River Road,Local Bus,20,Liaquat Market,24.8925873,67.1948553,original,,
45-A,Khokrapar No 4 - Hub River Road,Local Bus,21,Jinnah Square,24.9946638,67.3170291,original,,
45-A,Khokrapar No 4 - Hub River Road,Local Bus,22,Mohabbat Nagar,24.88333537,67.19225874,original,,
45-A,Khokrapar No 4 - Hub River Road,Local Bus,23,Malir No 15,24.8585106,67.034793,original,,
45-A,Khokrapar No 4 - Hub River Road,Local Bus,24,Star Gate,24.8869874,67.1557304,original,,
45-A,Khokrapar No 4 - Hub River Road,Local Bus,25,Drigh Road,24.8866864,67.1258404,original,,
45-A,Khokrapar No 4 - Hub River Road,Local Bus,26,Drive in cinema,24.90125318,67.11141068,original,,
45-A,Khokrapar No 4 - Hub River Road,Local Bus,27,Nipa Chowrangi,24.917822,67.0971368,original,,
45-A,Khokrapar No 4 - Hub River Road,Local Bus,28,Hassan Square,24.9015402,67.0738387,original,,
45-A,Khokrapar No 4 - Hub River Road,Local Bus,29,Nazimabad,24.905865,67.0307183,original,,
45-A,Khokrapar No 4 - Hub River Road,Local Bus,30,Petrol Pump,24.91049797,67.0317775,original,,
45-A,Khokrapar No 4 - Hub River Road,Local Bus,31,Habib Bank,24.9365406,67.0656617,original,,
45-A,Khokrapar No 4 - Hub River Road,Local Bus,32,Naurus Chowrangi,24.90576344,67.01603272,original,,
45-A,Khokrapar No 4 - Hub River Road,Local Bus,33,Ghani Chowrangi,24.894223,66.9895923,original,,
45-A,Khokrapar No 4 - Hub River Road,Local Bus,34,Hub River Road,24.93284598,66.94017054,original,,
51-C,Chamra Chowrangi - New Sabzi Mandi,Local Bus,1,Chamra Chowrangi,24.83880293,67.120853,original,,
51-C,Chamra Chowrangi - New Sabzi Mandi,Local Bus,2,Vita Chowrangi,24.841706,67.1339881,original,,
51-C,Chamra Chowrangi - New Sabzi Mandi,Local Bus,3,Bilal Chowrangi,24.8431266,67.1416599,original,,
51-C,Chamra Chowrangi - New Sabzi Mandi,Local Bus,4,Singer Chowrangi,24.8470847,67.15963,original,,
51-C,Chamra Chowrangi - New Sabzi Mandi,Local Bus,5,Murtaza Chowrangi,24.85039769,67.18121486,original,,
51-C,Chamra Chowrangi - New Sabzi Mandi,Local Bus,6,Dawood Chowrangi,24.85068001,67.20714519,original,,
51-C,Chamra Chowrangi - New Sabzi Mandi,Local Bus,7,Quaidabad,24.8551282,67.2117445,original,,
51-C,Chamra Chowrangi - New Sabzi Mandi,Local Bus,8,Murghi Khana,24.86044042,67.20892705,original,,
51-C,Chamra Chowrangi - New Sabzi Mandi,Local Bus,9,Malir No 15,24.8585106,67.034793,original,,
51-C,Chamra Chowrangi - New Sabzi Mandi,Local Bus,10,Kala Board,24.8823269,67.1823277,original,,
51-C,Chamra Chowrangi - New Sabzi Mandi,Local Bus,11,Malir Halt,24.88473238,67.17530796,original,,
51-C,Chamra Chowrangi - New Sabzi Mandi,Local Bus,12,Airport,24.8865027,67.1440768,original,,
51-C,Chamra Chowrangi - New Sabzi Mandi,Local Bus,13,Star Gate,24.8869874,67.1557304,original,,
51-C,Chamra Chowrangi - New Sabzi Mandi,Local Bus,14,Drigh Road,24.8866864,67.1258404,original,,
51-C,Chamra Chowrangi - New Sabzi Mandi,Local Bus,15,Millenium Mall,24.9012452,67.1157406,original,,
51-C,Chamra Chowrangi - New Sabzi Mandi,Local Bus,16,Jauhar Mor,24.9100772,67.1144009,original,,
51-C,Chamra Chowrangi - New Sabzi Mandi,Local Bus,17,Aladin Park,24.91201386,67.10585675,original,,
51-C,Chamra Chowrangi - New Sabzi Mandi,Local Bus,18,Nipa Chowrangi,24.917822,67.0971368,original,,
51-C,Chamra Chowrangi - New Sabzi Mandi,Local Bus,19,Gulshan Chowrangi,24.9246131,67.0912849,original,,
51-C,Chamra Chowrangi - New Sabzi Mandi,Local Bus,20,Moti Mehal,24.92697799,67.08917944,original,,
51-C,Chamra Chowrangi - New Sabzi Mandi,Local Bus,21,Fazal Mills,24.84714,67.1713711,original,,
51-C,Chamra Chowrangi - New Sabzi Mandi,Local Bus,22,Sohrab Goth,24.9436845,67.0843456,original,,
51-C,Chamra Chowrangi - New Sabzi Mandi,Local Bus,23,Al Asif Square,24.9510215,67.0915684,original,,
51-C,Chamra Chowrangi - New Sabzi Mandi,Local Bus,24,Khuda Ki Basti,25.0326153,67.0937426,original,,
51-C,Chamra Chowrangi - New Sabzi Mandi,Local Bus,25,New Sabzi Mandi,24.99389573,67.15636147,original,,
6-B,Tower - Tower,Local Bus,1,Tower,24.8487511,66.996677,original,,
6-B,Tower - Tower,Local Bus,2,Light House,24.85490045,67.01066402,original,,
6-B,Tower - Tower,Local Bus,3,Burns Road,24.8548711,67.0152444,original,,
6-B,Tower - Tower,Local Bus,4,Saddar,24.85964895,67.03081575,original,,
6-B,Tower - Tower,Local Bus,5,M.a Jinnah Road,24.8750228,67.0372144,original,,
6-B,Tower - Tower,Local Bus,6,Gurumandir,24.88140425,67.03925328,original,,
6-B,Tower - Tower,Local Bus,7,Lasbela Chowk,24.8873906,67.0330192,original,,
6-B,Tower - Tower,Local Bus,8,Golimar,24.9011071,67.0304545,original,,
6-B,Tower - Tower,Local Bus,9,Nazimabad Chowrangi,24.9009011,67.0299146,original,,
6-B,Tower - Tower,Local Bus,10,Petrol Pump,24.91049797,67.0317775,original,,
6-B,Tower - Tower,Local Bus,11,Liaquatabad No 10,24.9029771,67.0386279,original,,
6-B,Tower - Tower,Local Bus,12,Karimabad,24.9195535,67.0556807,original,,
6-B,Tower - Tower,Local Bus,13,Hussainabad,24.9175566,67.0549761,original,,
6-B,Tower - Tower,Local Bus,14,Azizabad No.3,24.91685377,67.06636004,original,,
6-B,Tower - Tower,Local Bus,15,Azizabad No.4,24.91635174,67.06569903,original,,
6-B,Tower - Tower,Local Bus,16,Azizabad No.8,24.91695864,67.06629622,original,,
6-B,Tower - Tower,Local Bus,17,Dastagir,24.9283092,67.0782597,original,,
6-B,Tower - Tower,Local Bus,18,Govt.comprehensive School,24.9451202,67.058481,original,,
6-B,Tower - Tower,Local Bus,19,Yasinabad,24.9202282,67.0759779,original,,
6-B,Tower - Tower,Local Bus,20,Hussainabad,24.9175566,67.0549761,original,,
6-B,Tower - Tower,Local Bus,21,Karimabad,24.9195535,67.0556807,original,,
6-B,Tower - Tower,Local Bus,22,Liaquatabad No 10,24.9029771,67.0386279,original,,
6-B,Tower - Tower,Local Bus,23,Petrol Pump,24.91049797,67.0317775,original,,
6-B,Tower - Tower,Local Bus,24,Nazimabad Chowrangi,24.9009011,67.0299146,original,,
6-B,Tower - Tower,Local Bus,25,Golimar,24.9011071,67.0304545,original,,
6-B,Tower - Tower,Local Bus,26,Gurumandir,24.88140425,67.03925328,original,,
6-B,Tower - Tower,Local Bus,27,M.a Jinnah Road,24.8750228,67.0372144,original,,
6-B,Tower - Tower,Local Bus,28,Saddar,24.85964895,67.03081575,original,,
6-B,Tower - Tower,Local Bus,29,Burns Road,24.8548711,67.0152444,original,,
6-B,Tower - Tower,Local Bus,30,Light House,24.85490045,67.01066402,original,,
6-B,Tower - Tower,Local Bus,31,Tower,24.8487511,66.996677,original,,
61-A,Pakistan Refinery - Saddar,Local Bus,1,Pakistan Refinery,24.8024119,67.11617312,original,,
61-A,Pakistan Refinery - Saddar,Local Bus,2,Korangi Crossing,24.81718886,67.10777973,original,,
61-A,Pakistan Refinery - Saddar,Local Bus,3,Qayyumabad,24.8293018,67.0809166,original,,
61-A,Pakistan Refinery - Saddar,Local Bus,4,Akhter Colony,24.8340477,67.0742769,original,,
61-A,Pakistan Refinery - Saddar,Local Bus,5,Defence Mor,24.8336954,67.0736861,original,,
61-A,Pakistan Refinery - Saddar,Local Bus,6,Kalapul,24.8480594,67.0485377,original,,
61-A,Pakistan Refinery - Saddar,Local Bus,7,Jinnah Hospital,24.8517423,67.0471346,original,,
61-A,Pakistan Refinery - Saddar,Local Bus,8,Lucky Star,24.857065,67.0331655,original,,
61-A,Pakistan Refinery - Saddar,Local Bus,9,Saddar,24.85964895,67.03081575,original,,
7-H,Keamari - Tokyo Terrace Plaza,Local Bus,1,Keamari,24.80023885,66.97168461,original,,
7-H,Keamari - Tokyo Terrace Plaza,Local Bus,2,Tower,24.8487511,66.996677,original,,
7-H,Keamari - Tokyo Terrace Plaza,Local Bus,3,Bolton Market,24.8520779,67.00173602,original,,
7-H,Keamari - Tokyo Terrace Plaza,Local Bus,4,Eidgah,24.8591266,67.01389171,original,,
7-H,Keamari - Tokyo Terrace Plaza,Local Bus,5,Ranchore Line,24.8617595,67.0131894,original,,
7-H,Keamari - Tokyo Terrace Plaza,Local Bus,6,Garden,24.8457029,67.0234024,original,,
7-H,Keamari - Tokyo Terrace Plaza,Local Bus,7,Lasbela Chowk,24.8873906,67.0330192,original,,
7-H,Keamari - Tokyo Terrace Plaza,Local Bus,8,Postoffice,24.90800241,67.04865237,original,,
7-H,Keamari - Tokyo Terrace Plaza,Local Bus,9,Sindhi Hotel,24.9045237,67.0963339,original,,
7-H,Keamari - Tokyo Terrace Plaza,Local Bus,10,New Town,24.8839633,67.05543308,original,,
7-H,Keamari - Tokyo Terrace Plaza,Local Bus,11,Civic Centre,24.90068052,67.07315729,original,,
7-H,Keamari - Tokyo Terrace Plaza,Local Bus,12,Nipa Chowrangi,24.917822,67.0971368,original,,
7-H,Keamari - Tokyo Terrace Plaza,Local Bus,13,University Road,24.9270099,67.1101087,original,,
7-H,Keamari - Tokyo Terrace Plaza,Local Bus,14,Safoora Goth,24.9392946,67.1561264,original,,
7-H,Keamari - Tokyo Terrace Plaza,Local Bus,15,Tokyo Terrace Plaza,24.93869161,67.15654643,original,,
7-K,Safoora Goth - New Truck Stand,Local Bus,1,Safoora Goth,24.9392946,67.1561264,original,,
7-K,Safoora Goth - New Truck Stand,Local Bus,2,Pia Society,24.91529195,67.14444464,original,,
7-K,Safoora Goth - New Truck Stand,Local Bus,3,Pahalwan Goth,24.9076695,67.13925488,original,,
7-K,Safoora Goth - New Truck Stand,Local Bus,4,Jauhar Chowrangi,24.9240802,67.1138217,original,,
7-K,Safoora Goth - New Truck Stand,Local Bus,5,Aladin Park,24.91201386,67.10585675,original,,
7-K,Safoora Goth - New Truck Stand,Local Bus,6,Nipa Chowrangi,24.917822,67.0971368,original,,
7-K,Safoora Goth - New Truck Stand,Local Bus,7,Gulshan Chowrangi,24.9246131,67.0912849,original,,
7-K,Safoora Goth - New Truck Stand,Local Bus,8,Sohrab Goth,24.9436845,67.0843456,original,,
7-K,Safoora Goth - New Truck Stand,Local Bus,9,Power House,24.9529226,67.0774852,original,,
7-K,Safoora Goth - New Truck Stand,Local Bus,10,Nagan Chowrangi,24.9650421,67.0668664,original,,
7-K,Safoora Goth - New Truck Stand,Local Bus,11,Sakhi Hasan,24.9557798,67.0547588,original,,
7-K,Safoora Goth - New Truck Stand,Local Bus,12,Hyderi,24.93622,67.0439858,original,,
7-K,Safoora Goth - New Truck Stand,Local Bus,13,Kda Chowrangi,24.9314051,67.0375124,original,,
7-K,Safoora Goth - New Truck Stand,Local Bus,14,Petrol Pump,24.91049797,67.0317775,original,,
7-K,Safoora Goth - New Truck Stand,Local Bus,15,Habib Bank,24.9365406,67.0656617,original,,
7-K,Safoora Goth - New Truck Stand,Local Bus,16,Naurus Chowrangi,24.90576344,67.01603272,original,,
7-K,Safoora Goth - New Truck Stand,Local Bus,17,Ghani Chowrangi,24.894223,66.9895923,original,,
7-K,Safoora Goth - New Truck Stand,Local Bus,18,Shershah,24.8840043,66.9930042,original,,
7-K,Safoora Goth - New Truck Stand,Local Bus,19,Gulbai,24.8826765,67.0310748,original,,
7-K,Safoora Goth - New Truck Stand,Local Bus,20,Paf Gate,24.88322727,67.1268473,original,,
7-K,Safoora Goth - New Truck Stand,Local Bus,21,Masroor,24.8935296,66.9404493,original,,
7-K,Safoora Goth - New Truck Stand,Local Bus,22,New Truck Stand,24.8693556,66.95721848,original,,
Agroor_Coach,Maymar Town - Hawksbay,Local Bus,1,Maymar Town,25.0208942,67.1289237,original,,
Agroor_Coach,Maymar Town - Hawksbay,Local Bus,2,Sohrab Goth,24.9436845,67.0843456,original,,
Agroor_Coach,Maymar Town - Hawksbay,Local Bus,3,Rashid Minhas Road,24.9380391,67.085045,original,,
Agroor_Coach,Maymar Town - Hawksbay,Local Bus,4,Nipa Chowrangi,24.917822,67.0971368,original,,
Agroor_Coach,Maymar Town - Hawksbay,Local Bus,5,Civic Centre,24.90068052,67.07315729,original,,
Agroor_Coach,Maymar Town - Hawksbay,Local Bus,6,Purani Sabzi Mandi,24.89882325,67.06557071,original,,
Agroor_Coach,Maymar Town - Hawksbay,Local Bus,7,Jail Chowrangi,24.8848564,67.0565777,original,,
Agroor_Coach,Maymar Town - Hawksbay,Local Bus,8,Teen Hatti,24.8937682,67.0437051,original,,
Agroor_Coach,Maymar Town - Hawksbay,Local Bus,9,Lasbela Chowk,24.8873906,67.0330192,original,,
Agroor_Coach,Maymar Town - Hawksbay,Local Bus,10,Nishter Road,24.8878297,67.0334988,original,,
Agroor_Coach,Maymar Town - Hawksbay,Local Bus,11,Garden,24.8457029,67.0234024,original,,
Agroor_Coach,Maymar Town - Hawksbay,Local Bus,12,Ramsawami,24.86779742,67.01565362,original,,
Agroor_Coach,Maymar Town - Hawksbay,Local Bus,13,Kmc Workshop,24.8635315,67.009908,original,,
Agroor_Coach,Maymar Town - Hawksbay,Local Bus,14,Haji Camp,24.84404605,67.03777688,original,,
Agroor_Coach,Maymar Town - Hawksbay,Local Bus,15,Lee Market,24.860696,67.0005244,original,,
Agroor_Coach,Maymar Town - Hawksbay,Local Bus,16,Kharadar,24.8500499,66.9943642,original,,
Agroor_Coach,Maymar Town - Hawksbay,Local Bus,17,Jamat Khana,24.91372555,67.10107678,original,,
Agroor_Coach,Maymar Town - Hawksbay,Local Bus,18,Mauripur,24.8669367,66.9326569,original,,
Agroor_Coach,Maymar Town - Hawksbay,Local Bus,19,Gulbai,24.8826765,67.0310748,original,,
Agroor_Coach,Maymar Town - Hawksbay,Local Bus,20,Hawksbay,24.86140349,66.84802941,original,,
Al-Noor_Coach,Sohrab Goth - Sands Pit,Local Bus,1,Sohrab Goth,24.9436845,67.0843456,original,,
Al-Noor_Coach,Sohrab Goth - Sands Pit,Local Bus,2,Gulshan Chowrangi,24.9246131,67.0912849,original,,
Al-Noor_Coach,Sohrab Goth - Sands Pit,Local Bus,3,Nipa Chowrangi,24.917822,67.0971368,original,,
Al-Noor_Coach,Sohrab Goth - Sands Pit,Local Bus,4,Hassan Square,24.9015402,67.0738387,original,,
Al-Noor_Coach,Sohrab Goth - Sands Pit,Local Bus,5,New Town,24.8839633,67.05543308,original,,
Al-Noor_Coach,Sohrab Goth - Sands Pit,Local Bus,6,Mazar e quaid,24.87549,67.04085,original,,
Al-Noor_Coach,Sohrab Goth - Sands Pit,Local Bus,7,M.a Jinnah Road,24.8750228,67.0372144,original,,
Al-Noor_Coach,Sohrab Goth - Sands Pit,Local Bus,8,Tower,24.8487511,66.996677,original,,
Al-Noor_Coach,Sohrab Goth - Sands Pit,Local Bus,9,Crown Cinema,24.8641858,66.9864681,original,,
Al-Noor_Coach,Sohrab Goth - Sands Pit,Local Bus,10,Gulbai,24.8826765,67.0310748,original,,
Al-Noor_Coach,Sohrab Goth - Sands Pit,Local Bus,11,New Truck Stand,24.8693556,66.95721848,original,,
Al-Noor_Coach,Sohrab Goth - Sands Pit,Local Bus,12,Mauripur,24.8669367,66.9326569,original,,
Al-Noor_Coach,Sohrab Goth - Sands Pit,Local Bus,13,Younusabad,24.8537641,66.9126402,original,,
Al-Noor_Coach,Sohrab Goth - Sands Pit,Local Bus,14,Sands Pit,24.83124711,66.92599172,original,,
C,Saddar - Dhobi Ghat,Local Bus,1,Saddar,24.85964895,67.03081575,original,,
C,Saddar - Dhobi Ghat,Local Bus,2,Lucky Star,24.857065,67.0331655,original,,
C,Saddar - Dhobi Ghat,Local Bus,3,Jinnah Hospital,24.8517423,67.0471346,original,,
C,Saddar - Dhobi Ghat,Local Bus,4,Kalapul,24.8480594,67.0485377,original,,
C,Saddar - Dhobi Ghat,Local Bus,5,Korangi Road,24.8344317,67.0726736,original,,
C,Saddar - Dhobi Ghat,Local Bus,6,Akhter Colony,24.8340477,67.0742769,original,,
C,Saddar - Dhobi Ghat,Local Bus,7,Qayyumabad,24.8293018,67.0809166,original,,
C,Saddar - Dhobi Ghat,Local Bus,8,Korangi Crossing,24.81718886,67.10777973,original,,
C,Saddar - Dhobi Ghat,Local Bus,9,Korangi No 1,24.8223732,67.13282462,original,,
C,Saddar - Dhobi Ghat,Local Bus,10,Korangi No 2,24.83869365,67.12041382,original,,
C,Saddar - Dhobi Ghat,Local Bus,11,Korangi No 3,24.83465038,67.09980991,original,,
C,Saddar - Dhobi Ghat,Local Bus,12,Korangi No 4,24.82747891,67.15797424,original,,
C,Saddar - Dhobi Ghat,Local Bus,13,Korangi No 5,24.8344317,67.0726736,original,,
C,Saddar - Dhobi Ghat,Local Bus,14,Korangi No 5 1/2,24.8770882,67.1453689,original,,
C,Saddar - Dhobi Ghat,Local Bus,15,Korangi Market No 6,24.82740985,67.1703876,original,,
C,Saddar - Dhobi Ghat,Local Bus,16,Dhobi Ghat,24.87787915,67.01249693,original,,
C-2,Raja Ghazanfar Ali Road - Gul Ahmed Textile Mills,Local Bus,1,Raja Ghazanfar Ali Road,24.8606732,67.0284811,original,,
C-2,Raja Ghazanfar Ali Road - Gul Ahmed Textile Mills,Local Bus,2,Inverarity Road,24.856714,67.0317583,original,,
C-2,Raja Ghazanfar Ali Road - Gul Ahmed Textile Mills,Local Bus,3,Lucky Star,24.857065,67.0331655,original,,
C-2,Raja Ghazanfar Ali Road - Gul Ahmed Textile Mills,Local Bus,4,Jinnah Hospital,24.8517423,67.0471346,original,,
C-2,Raja Ghazanfar Ali Road - Gul Ahmed Textile Mills,Local Bus,5,Kalapul,24.8480594,67.0485377,original,,
C-2,Raja Ghazanfar Ali Road - Gul Ahmed Textile Mills,Local Bus,6,Defence Society,24.9594098,67.1888088,original,,
C-2,Raja Ghazanfar Ali Road - Gul Ahmed Textile Mills,Local Bus,7,Akhter Colony,24.8340477,67.0742769,original,,
C-2,Raja Ghazanfar Ali Road - Gul Ahmed Textile Mills,Local Bus,8,Qayyumabad,24.8293018,67.0809166,original,,
C-2,Raja Ghazanfar Ali Road - Gul Ahmed Textile Mills,Local Bus,9,Bhittai Colony,24.81866935,67.10532643,original,,
C-2,Raja Ghazanfar Ali Road - Gul Ahmed Textile Mills,Local Bus,10,Korangi Bus Depot,24.83217999,67.14440859,original,,
C-2,Raja Ghazanfar Ali Road - Gul Ahmed Textile Mills,Local Bus,11,Korangi No 1,24.8223732,67.13282462,original,,
C-2,Raja Ghazanfar Ali Road - Gul Ahmed Textile Mills,Local Bus,12,Korangi No 5,24.8344317,67.0726736,original,,
C-2,Raja Ghazanfar Ali Road - Gul Ahmed Textile Mills,Local Bus,13,36 c Area,24.83632113,67.17093594,original,,
C-2,Raja Ghazanfar Ali Road - Gul Ahmed Textile Mills,Local Bus,14,K  Area,24.83999332,67.16560358,original,,
C-2,Raja Ghazanfar Ali Road - Gul Ahmed Textile Mills,Local Bus,15,Landhi No 5,24.83650489,67.17956781,original,,
C-2,Raja Ghazanfar Ali Road - Gul Ahmed Textile Mills,Local Bus,16,Gul Ahmed Textile Mills,24.8380709,67.2187781,original,,
C-3,Moosa Colony - Ground Landhi,Local Bus,1,Moosa Colony,24.92013,67.0489994,original,,
C-3,Moosa Colony - Ground Landhi,Local Bus,2,Azam Square,24.9309768,67.205441,original,,
C-3,Moosa Colony - Ground Landhi,Local Bus,3,Liaquatabad No 10,24.9029771,67.0386279,original,,
C-3,Moosa Colony - Ground Landhi,Local Bus,4,Hassan Square,24.9015402,67.0738387,original,,
C-3,Moosa Colony - Ground Landhi,Local Bus,5,Gulshan Chowrangi,24.9246131,67.0912849,original,,
C-3,Moosa Colony - Ground Landhi,Local Bus,6,Purani Sabzi Mandi,24.89882325,67.06557071,original,,
C-3,Moosa Colony - Ground Landhi,Local Bus,7,New Town Police Station,24.8888121,67.0604742,original,,
C-3,Moosa Colony - Ground Landhi,Local Bus,8,National Stadium,24.8946458,67.08160851,original,,
C-3,Moosa Colony - Ground Landhi,Local Bus,9,Dalimia Cement Factory,24.90335927,67.10037665,original,,
C-3,Moosa Colony - Ground Landhi,Local Bus,10,Drigh Road,24.8866864,67.1258404,original,,
C-3,Moosa Colony - Ground Landhi,Local Bus,11,Malir,24.9264325,67.2035223,original,,
C-3,Moosa Colony - Ground Landhi,Local Bus,12,Quaidabad,24.8551282,67.2117445,original,,
C-3,Moosa Colony - Ground Landhi,Local Bus,13,Landhi No 6,24.83015626,67.1702861,original,,
C-3,Moosa Colony - Ground Landhi,Local Bus,14,Korangi No 5,24.8344317,67.0726736,original,,
C-3,Moosa Colony - Ground Landhi,Local Bus,15,K  Area,24.83999332,67.16560358,original,,
C-3,Moosa Colony - Ground Landhi,Local Bus,16,36 b Area,24.84337183,67.1781938,original,,
C-3,Moosa Colony - Ground Landhi,Local Bus,17,Ground Landhi,24.8336861,67.1779133,original,,
D-10,Korangi 100 Quarter - Taiser Town,Local Bus,1,Korangi 100 Quarter,24.83458358,67.07197837,original,,
D-10,Korangi 100 Quarter - Taiser Town,Local Bus,2,Korangi No 5,24.8344317,67.0726736,original,,
D-10,Korangi 100 Quarter - Taiser Town,Local Bus,3,Landhi No 6,24.83015626,67.1702861,original,,
D-10,Korangi 100 Quarter - Taiser Town,Local Bus,4,Landhi No 5,24.83650489,67.17956781,original,,
D-10,Korangi 100 Quarter - Taiser Town,Local Bus,5,Landhi No 4,24.83827073,67.18183607,original,,
D-10,Korangi 100 Quarter - Taiser Town,Local Bus,6,Landhi No 3,24.83949497,67.19156528,original,,
D-10,Korangi 100 Quarter - Taiser Town,Local Bus,7,Landhi No 2,24.84254917,67.19548195,original,,
D-10,Korangi 100 Quarter - Taiser Town,Local Bus,8,Landhi No 1,24.84375926,67.19866265,original,,
D-10,Korangi 100 Quarter - Taiser Town,Local Bus,9,Dawood Chowrangi,24.85068001,67.20714519,original,,
D-10,Korangi 100 Quarter - Taiser Town,Local Bus,10,Quaidabad,24.8551282,67.2117445,original,,
D-10,Korangi 100 Quarter - Taiser Town,Local Bus,11,Malir City,24.8735315,67.1957866,original,,
D-10,Korangi 100 Quarter - Taiser Town,Local Bus,12,Malir Halt,24.88473238,67.17530796,original,,
D-10,Korangi 100 Quarter - Taiser Town,Local Bus,13,Star Gate,24.8869874,67.1557304,original,,
D-10,Korangi 100 Quarter - Taiser Town,Local Bus,14,Natha Khan Goth,24.882777,67.1357614,original,,
D-10,Korangi 100 Quarter - Taiser Town,Local Bus,15,Drigh Road,24.8866864,67.1258404,original,,
D-10,Korangi 100 Quarter - Taiser Town,Local Bus,16,Rashid Minhas Road,24.9380391,67.085045,original,,
D-10,Korangi 100 Quarter - Taiser Town,Local Bus,17,Drive in cinema,24.90125318,67.11141068,original,,
D-10,Korangi 100 Quarter - Taiser Town,Local Bus,18,Jauhar Mor,24.9100772,67.1144009,original,,
D-10,Korangi 100 Quarter - Taiser Town,Local Bus,19,Nipa Chowrangi,24.917822,67.0971368,original,,
D-10,Korangi 100 Quarter - Taiser Town,Local Bus,20,Gulshan Chowrangi,24.9246131,67.0912849,original,,
D-10,Korangi 100 Quarter - Taiser Town,Local Bus,21,Sohrab Goth,24.9436845,67.0843456,original,,
D-10,Korangi 100 Quarter - Taiser Town,Local Bus,22,Power House,24.9529226,67.0774852,original,,
D-10,Korangi 100 Quarter - Taiser Town,Local Bus,23,Godhra,24.9706631,67.0802834,original,,
D-10,Korangi 100 Quarter - Taiser Town,Local Bus,24,New Karachi Industrial Area,24.830092,67.1014188,original,,
D-10,Korangi 100 Quarter - Taiser Town,Local Bus,25,Saba Cinema,24.98674855,67.08578867,original,,
D-10,Korangi 100 Quarter - Taiser Town,Local Bus,26,New Karachi No 5,24.9725357,67.0669523,original,,
D-10,Korangi 100 Quarter - Taiser Town,Local Bus,27,Allahwali Masjid,24.8748104,67.1957168,original,,
D-10,Korangi 100 Quarter - Taiser Town,Local Bus,28,4 k Chowrangi,24.9278248,67.1124585,original,,
D-10,Korangi 100 Quarter - Taiser Town,Local Bus,29,Kda Stop,25.01886377,67.06385519,original,,
D-10,Korangi 100 Quarter - Taiser Town,Local Bus,30,Maraqba Hall,25.02043012,67.07251484,original,,
D-10,Korangi 100 Quarter - Taiser Town,Local Bus,31,Khuda Ki Basti,25.0326153,67.0937426,original,,
D-10,Korangi 100 Quarter - Taiser Town,Local Bus,32,Lerp Colony,25.06657666,67.10834246,original,,
D-10,Korangi 100 Quarter - Taiser Town,Local Bus,33,Taiser Town,25.042754,67.1027401,original,,
D-10,Korangi 100 Quarter - Taiser Town,Local Bus,34,Korangi 100 Quarter,24.83458358,67.07197837,original,,
D-10,Korangi 100 Quarter - Taiser Town,Local Bus,35,Korangi No 5,24.8344317,67.0726736,original,,
D-10,Korangi 100 Quarter - Taiser Town,Local Bus,36,Landhi No 6,24.83015626,67.1702861,original,,
D-10,Korangi 100 Quarter - Taiser Town,Local Bus,37,Landhi No 5,24.83650489,67.17956781,original,,
D-10,Korangi 100 Quarter - Taiser Town,Local Bus,38,Landhi No 4,24.83827073,67.18183607,original,,
D-10,Korangi 100 Quarter - Taiser Town,Local Bus,39,Landhi No 3,24.83949497,67.19156528,original,,
D-10,Korangi 100 Quarter - Taiser Town,Local Bus,40,Landhi No 2,24.84254917,67.19548195,original,,
D-10,Korangi 100 Quarter - Taiser Town,Local Bus,41,Landhi No 1,24.84375926,67.19866265,original,,
D-10,Korangi 100 Quarter - Taiser Town,Local Bus,42,Dawood Chowrangi,24.85068001,67.20714519,original,,
D-10,Korangi 100 Quarter - Taiser Town,Local Bus,43,Quaidabad,24.8551282,67.2117445,original,,
D-10,Korangi 100 Quarter - Taiser Town,Local Bus,44,Malir City,24.8735315,67.1957866,original,,
D-10,Korangi 100 Quarter - Taiser Town,Local Bus,45,Malir Halt,24.88473238,67.17530796,original,,
D-10,Korangi 100 Quarter - Taiser Town,Local Bus,46,Star Gate,24.8869874,67.1557304,original,,
D-10,Korangi 100 Quarter - Taiser Town,Local Bus,47,Natha Khan Goth,24.882777,67.1357614,original,,
D-10,Korangi 100 Quarter - Taiser Town,Local Bus,48,Drigh Road,24.8866864,67.1258404,original,,
D-10,Korangi 100 Quarter - Taiser Town,Local Bus,49,Rashid Minhas Road,24.9380391,67.085045,original,,
D-10,Korangi 100 Quarter - Taiser Town,Local Bus,50,Drive in cinema,24.90125318,67.11141068,original,,
D-10,Korangi 100 Quarter - Taiser Town,Local Bus,51,Jauhar Mor,24.9100772,67.1144009,original,,
D-10,Korangi 100 Quarter - Taiser Town,Local Bus,52,Nipa Chowrangi,24.917822,67.0971368,original,,
D-10,Korangi 100 Quarter - Taiser Town,Local Bus,53,Gulshan Chowrangi,24.9246131,67.0912849,original,,
D-10,Korangi 100 Quarter - Taiser Town,Local Bus,54,Sohrab Goth,24.9436845,67.0843456,original,,
D-10,Korangi 100 Quarter - Taiser Town,Local Bus,55,Power House,24.9529226,67.0774852,original,,
D-10,Korangi 100 Quarter - Taiser Town,Local Bus,56,Godhra,24.9706631,67.0802834,original,,
D-10,Korangi 100 Quarter - Taiser Town,Local Bus,57,New Karachi Industrial Area,24.830092,67.1014188,original,,
D-10,Korangi 100 Quarter - Taiser Town,Local Bus,58,Saba Cinema,24.98674855,67.08578867,original,,
D-10,Korangi 100 Quarter - Taiser Town,Local Bus,59,New Karachi No 5,24.9725357,67.0669523,original,,
D-10,Korangi 100 Quarter - Taiser Town,Local Bus,60,Allahwali Masjid,24.8748104,67.1957168,original,,
D-10,Korangi 100 Quarter - Taiser Town,Local Bus,61,4 k Chowrangi,24.9278248,67.1124585,original,,
D-10,Korangi 100 Quarter - Taiser Town,Local Bus,62,Kda Stop,25.01886377,67.06385519,original,,
D-10,Korangi 100 Quarter - Taiser Town,Local Bus,63,Maraqba Hall,25.02043012,67.07251484,original,,
D-10,Korangi 100 Quarter - Taiser Town,Local Bus,64,Khuda Ki Basti,25.0326153,67.0937426,original,,
D-10,Korangi 100 Quarter - Taiser Town,Local Bus,65,Lerp Colony,25.06657666,67.10834246,original,,
D-10,Korangi 100 Quarter - Taiser Town,Local Bus,66,Taiser Town,25.042754,67.1027401,original,,
D-12,Qaddafi Town - Gora Qabristan,Local Bus,1,Qaddafi Town,24.9432922,67.0024982,original,,
D-12,Qaddafi Town - Gora Qabristan,Local Bus,2,Quaidabad,24.8551282,67.2117445,original,,
D-12,Qaddafi Town - Gora Qabristan,Local Bus,3,Malir Halt,24.88473238,67.17530796,original,,
D-12,Qaddafi Town - Gora Qabristan,Local Bus,4,Star Gate,24.8869874,67.1557304,original,,
D-12,Qaddafi Town - Gora Qabristan,Local Bus,5,Drigh Road,24.8866864,67.1258404,original,,
D-12,Qaddafi Town - Gora Qabristan,Local Bus,6,Labour Square,24.8384436,67.1485025,original,,
D-12,Qaddafi Town - Gora Qabristan,Local Bus,7,Rashid Minhas Road,24.9380391,67.085045,original,,
D-12,Qaddafi Town - Gora Qabristan,Local Bus,8,Nipa Chowrangi,24.917822,67.0971368,original,,
D-12,Qaddafi Town - Gora Qabristan,Local Bus,9,Moti Mehal,24.92697799,67.08917944,original,,
D-12,Qaddafi Town - Gora Qabristan,Local Bus,10,Sohrab Goth,24.9436845,67.0843456,original,,
D-12,Qaddafi Town - Gora Qabristan,Local Bus,11,Water Pump,24.874899,67.1673,original,,
D-12,Qaddafi Town - Gora Qabristan,Local Bus,12,Qalandari Chowk,24.95965716,67.04998868,original,,
D-12,Qaddafi Town - Gora Qabristan,Local Bus,13,Gulshan Farooq,24.9661433,67.0495724,original,,
D-12,Qaddafi Town - Gora Qabristan,Local Bus,14,Gora Qabristan,24.8547228,67.05054461,original,,
D-19,Filter Plant - Tower,Local Bus,1,Filter Plant,24.8471308,67.0734275,original,,
D-19,Filter Plant - Tower,Local Bus,2,Saadi Town,24.9676249,67.1721202,original,,
D-19,Filter Plant - Tower,Local Bus,3,Safoora Goth,24.9392946,67.1561264,original,,
D-19,Filter Plant - Tower,Local Bus,4,Mosmayat,24.93736575,67.14449614,original,,
D-19,Filter Plant - Tower,Local Bus,5,University Road,24.9270099,67.1101087,original,,
D-19,Filter Plant - Tower,Local Bus,6,Safari Park,24.92050075,67.11144638,original,,
D-19,Filter Plant - Tower,Local Bus,7,Nipa Chowrangi,24.917822,67.0971368,original,,
D-19,Filter Plant - Tower,Local Bus,8,Kashmir Chowrangi,24.88422751,67.05678316,original,,
D-19,Filter Plant - Tower,Local Bus,9,Islamia College,24.8797964,67.04616588,original,,
D-19,Filter Plant - Tower,Local Bus,10,Gurumandir,24.88140425,67.03925328,original,,
D-19,Filter Plant - Tower,Local Bus,11,Sabil Wali Masjid,24.87944103,67.0386885,original,,
D-19,Filter Plant - Tower,Local Bus,12,Numaish,24.8733627,67.0359938,original,,
D-19,Filter Plant - Tower,Local Bus,13,Tibbat Centre,24.86288486,67.02198731,original,,
D-19,Filter Plant - Tower,Local Bus,14,Saeed Manzil,24.840312,67.0177218,original,,
D-19,Filter Plant - Tower,Local Bus,15,Jama Cloth Market,24.85878235,67.0144873,original,,
D-19,Filter Plant - Tower,Local Bus,16,Light House,24.85490045,67.01066402,original,,
D-19,Filter Plant - Tower,Local Bus,17,Denso Hall,24.8534466,67.0049098,original,,
D-19,Filter Plant - Tower,Local Bus,18,Tower,24.8487511,66.996677,original,,
D-4,Taiser Town - Baldia Yousuf Goth,Local Bus,1,Taiser Town,25.042754,67.1027401,original,,
D-4,Taiser Town - Baldia Yousuf Goth,Local Bus,2,Khuda Ki Basti,25.0326153,67.0937426,original,,
D-4,Taiser Town - Baldia Yousuf Goth,Local Bus,3,Surjani Sector 4,25.0190854,67.0654627,original,,
D-4,Taiser Town - Baldia Yousuf Goth,Local Bus,4,Kda Site Office,24.91006701,67.05123458,original,,
D-4,Taiser Town - Baldia Yousuf Goth,Local Bus,5,Two Minutes Chowrangi,25.00057259,67.06491635,original,,
D-4,Taiser Town - Baldia Yousuf Goth,Local Bus,6,4 j Bus Stop,24.99941631,67.05238388,original,,
D-4,Taiser Town - Baldia Yousuf Goth,Local Bus,7,Khwaja Ajmeri Nagri,24.98549378,67.05922211,original,,
D-4,Taiser Town - Baldia Yousuf Goth,Local Bus,8,Sector No 7 d,24.96721946,67.0508197,original,,
D-4,Taiser Town - Baldia Yousuf Goth,Local Bus,9,Anda Mor,24.9646823,67.0536277,original,,
D-4,Taiser Town - Baldia Yousuf Goth,Local Bus,10,Qalandari Chowk,24.95965716,67.04998868,original,,
D-4,Taiser Town - Baldia Yousuf Goth,Local Bus,11,Hussain D.silva,24.93440926,67.02762983,original,,
D-4,Taiser Town - Baldia Yousuf Goth,Local Bus,12,Paposh Nagar,24.92435225,67.01990575,original,,
D-4,Taiser Town - Baldia Yousuf Goth,Local Bus,13,Bara Maidan,24.9161949,67.0217581,original,,
D-4,Taiser Town - Baldia Yousuf Goth,Local Bus,14,Petrol Pump,24.91049797,67.0317775,original,,
D-4,Taiser Town - Baldia Yousuf Goth,Local Bus,15,Gulbahar,24.89660075,67.0218059,original,,
D-4,Taiser Town - Baldia Yousuf Goth,Local Bus,16,Lasbela Chowk,24.8873906,67.0330192,original,,
D-4,Taiser Town - Baldia Yousuf Goth,Local Bus,17,Garden,24.8457029,67.0234024,original,,
D-4,Taiser Town - Baldia Yousuf Goth,Local Bus,18,Ranchore Line,24.8617595,67.0131894,original,,
D-4,Taiser Town - Baldia Yousuf Goth,Local Bus,19,Juna Market,24.856877,67.0021881,original,,
D-4,Taiser Town - Baldia Yousuf Goth,Local Bus,20,Lee Market,24.860696,67.0005244,original,,
D-4,Taiser Town - Baldia Yousuf Goth,Local Bus,21,Gulbai,24.8826765,67.0310748,original,,
D-4,Taiser Town - Baldia Yousuf Goth,Local Bus,22,Shershah,24.8840043,66.9930042,original,,
D-4,Taiser Town - Baldia Yousuf Goth,Local Bus,23,Hub River Road,24.93284598,66.94017054,original,,
D-4,Taiser Town - Baldia Yousuf Goth,Local Bus,24,Moach Mor,24.9658654,66.92580166,original,,
D-4,Taiser Town - Baldia Yousuf Goth,Local Bus,25,Baldia Yousuf Goth,24.95258145,66.95497929,original,,
DATA_Coach,Kda Site Office - Abdullah Shah Ghazi Road,Local Bus,1,Kda Site Office,24.91006701,67.05123458,original,,
DATA_Coach,Kda Site Office - Abdullah Shah Ghazi Road,Local Bus,2,Surjani Town,25.0770299,67.073576,original,,
DATA_Coach,Kda Site Office - Abdullah Shah Ghazi Road,Local Bus,3,Allah Wali,24.8465083,67.0827642,original,,
DATA_Coach,Kda Site Office - Abdullah Shah Ghazi Road,Local Bus,4,D Mor,24.9055773,67.1150784,original,,
DATA_Coach,Kda Site Office - Abdullah Shah Ghazi Road,Local Bus,5,Sindhi Hotel,24.9045237,67.0963339,original,,
DATA_Coach,Kda Site Office - Abdullah Shah Ghazi Road,Local Bus,6,Power House,24.9529226,67.0774852,original,,
DATA_Coach,Kda Site Office - Abdullah Shah Ghazi Road,Local Bus,7,Sohrab Goth,24.9436845,67.0843456,original,,
DATA_Coach,Kda Site Office - Abdullah Shah Ghazi Road,Local Bus,8,Nipa Chowrangi,24.917822,67.0971368,original,,
DATA_Coach,Kda Site Office - Abdullah Shah Ghazi Road,Local Bus,9,Purani Sabzi Mandi,24.89882325,67.06557071,original,,
DATA_Coach,Kda Site Office - Abdullah Shah Ghazi Road,Local Bus,10,Bahadurabad,24.88359275,67.06708455,original,,
DATA_Coach,Kda Site Office - Abdullah Shah Ghazi Road,Local Bus,11,Tariq Road,24.8676607,67.0573009,original,,
DATA_Coach,Kda Site Office - Abdullah Shah Ghazi Road,Local Bus,12,Society Graveyard,24.97465463,67.05221709,original,,
DATA_Coach,Kda Site Office - Abdullah Shah Ghazi Road,Local Bus,13,Shahrah e quaideen,24.8651138,67.0553967,original,,
DATA_Coach,Kda Site Office - Abdullah Shah Ghazi Road,Local Bus,14,Nursery,24.9163873,67.1224255,original,,
DATA_Coach,Kda Site Office - Abdullah Shah Ghazi Road,Local Bus,15,Ftc,24.8583003,67.05220275,original,,
DATA_Coach,Kda Site Office - Abdullah Shah Ghazi Road,Local Bus,16,Jinnah Hospital,24.8517423,67.0471346,original,,
DATA_Coach,Kda Site Office - Abdullah Shah Ghazi Road,Local Bus,17,Askari Apartment,24.8335583,67.0389041,original,,
DATA_Coach,Kda Site Office - Abdullah Shah Ghazi Road,Local Bus,18,Cantt Station,24.8437905,67.04114382,original,,
DATA_Coach,Kda Site Office - Abdullah Shah Ghazi Road,Local Bus,19,Khaliq u zaman Road,24.83568554,67.03696005,original,,
DATA_Coach,Kda Site Office - Abdullah Shah Ghazi Road,Local Bus,20,Abdullah Shah Ghazi Road,24.81077366,67.0308951,original,,
F-1,Saudabad - Nasir Colony,Local Bus,1,Saudabad,24.8891859,67.1935454,original,,
F-1,Saudabad - Nasir Colony,Local Bus,2,Malir Jinnah Square,24.89130787,67.19821904,original,,
F-1,Saudabad - Nasir Colony,Local Bus,3,Malir City,24.8735315,67.1957866,original,,
F-1,Saudabad - Nasir Colony,Local Bus,4,Quaidabad,24.8551282,67.2117445,original,,
F-1,Saudabad - Nasir Colony,Local Bus,5,Dawood Chowrangi,24.85068001,67.20714519,original,,
F-1,Saudabad - Nasir Colony,Local Bus,6,17 Bus Stop,24.82024263,67.18037116,original,,
F-1,Saudabad - Nasir Colony,Local Bus,7,Babar Market,24.8586062,67.0038439,original,,
F-1,Saudabad - Nasir Colony,Local Bus,8,Landhi No 5,24.83650489,67.17956781,original,,
F-1,Saudabad - Nasir Colony,Local Bus,9,Korangi No 5,24.8344317,67.0726736,original,,
F-1,Saudabad - Nasir Colony,Local Bus,10,Korangi No 1,24.8223732,67.13282462,original,,
F-1,Saudabad - Nasir Colony,Local Bus,11,Nasir Colony,24.8236047,67.1264773,original,,
F-11,Gul Ahmed Textile Mills - Mustafabad Colony,Local Bus,1,Gul Ahmed Textile Mills,24.8380709,67.2187781,original,,
F-11,Gul Ahmed Textile Mills - Mustafabad Colony,Local Bus,2,Dawood Chowrangi,24.85068001,67.20714519,original,,
F-11,Gul Ahmed Textile Mills - Mustafabad Colony,Local Bus,3,Landhi No 1,24.84375926,67.19866265,original,,
F-11,Gul Ahmed Textile Mills - Mustafabad Colony,Local Bus,4,Korangi No 6,24.8344317,67.0726736,original,,
F-11,Gul Ahmed Textile Mills - Mustafabad Colony,Local Bus,5,Korangi No 1,24.8223732,67.13282462,original,,
F-11,Gul Ahmed Textile Mills - Mustafabad Colony,Local Bus,6,Defence Society,24.9594098,67.1888088,original,,
F-11,Gul Ahmed Textile Mills - Mustafabad Colony,Local Bus,7,Gora Qabristan,24.8547228,67.05054461,original,,
F-11,Gul Ahmed Textile Mills - Mustafabad Colony,Local Bus,8,Shahrah e quaideen,24.8651138,67.0553967,original,,
F-11,Gul Ahmed Textile Mills - Mustafabad Colony,Local Bus,9,Khalid Bin Waleed Road,24.8784517,67.0596749,original,,
F-11,Gul Ahmed Textile Mills - Mustafabad Colony,Local Bus,10,Shaheed e millat Road,24.8864065,67.0541672,original,,
F-11,Gul Ahmed Textile Mills - Mustafabad Colony,Local Bus,11,Jail Chowrangi,24.8848564,67.0565777,original,,
F-11,Gul Ahmed Textile Mills - Mustafabad Colony,Local Bus,12,Purani Sabzi Mandi,24.89882325,67.06557071,original,,
F-11,Gul Ahmed Textile Mills - Mustafabad Colony,Local Bus,13,University Road,24.9270099,67.1101087,original,,
F-11,Gul Ahmed Textile Mills - Mustafabad Colony,Local Bus,14,Hassan Square,24.9015402,67.0738387,original,,
F-11,Gul Ahmed Textile Mills - Mustafabad Colony,Local Bus,15,Nipa Chowrangi,24.917822,67.0971368,original,,
F-11,Gul Ahmed Textile Mills - Mustafabad Colony,Local Bus,16,Kmc Hospital,24.85130945,67.06193403,original,,
F-11,Gul Ahmed Textile Mills - Mustafabad Colony,Local Bus,17,Water Pump,24.874899,67.1673,original,,
F-11,Gul Ahmed Textile Mills - Mustafabad Colony,Local Bus,18,Peoples Chowrangi,24.94782843,67.06587781,original,,
F-11,Gul Ahmed Textile Mills - Mustafabad Colony,Local Bus,19,D.c Office,24.95136057,67.0617656,original,,
F-11,Gul Ahmed Textile Mills - Mustafabad Colony,Local Bus,20,Sakhi Hasan,24.9557798,67.0547588,original,,
F-11,Gul Ahmed Textile Mills - Mustafabad Colony,Local Bus,21,Qalandari Chowk,24.95965716,67.04998868,original,,
F-11,Gul Ahmed Textile Mills - Mustafabad Colony,Local Bus,22,Mustafabad Colony,24.83150901,67.22757635,original,,
F-13,Pahalwan Goth - Gizri,Local Bus,1,Pahalwan Goth,24.9076695,67.13925488,original,,
F-13,Pahalwan Goth - Gizri,Local Bus,2,Malir Halt,24.88473238,67.17530796,original,,
F-13,Pahalwan Goth - Gizri,Local Bus,3,Quaidabad,24.8551282,67.2117445,original,,
F-13,Pahalwan Goth - Gizri,Local Bus,4,Dawood Chowrangi,24.85068001,67.20714519,original,,
F-13,Pahalwan Goth - Gizri,Local Bus,5,Landhi No 4,24.83827073,67.18183607,original,,
F-13,Pahalwan Goth - Gizri,Local Bus,6,36 b Area,24.84337183,67.1781938,original,,
F-13,Pahalwan Goth - Gizri,Local Bus,7,Bilal Colony,24.8478476,67.1342808,original,,
F-13,Pahalwan Goth - Gizri,Local Bus,8,Kalapul,24.8480594,67.0485377,original,,
F-13,Pahalwan Goth - Gizri,Local Bus,9,Jinnah Hospital,24.8517423,67.0471346,original,,
F-13,Pahalwan Goth - Gizri,Local Bus,10,Cantt Station,24.8437905,67.04114382,original,,
F-13,Pahalwan Goth - Gizri,Local Bus,11,Gizri,24.8245033,67.0469435,original,,
F-16,Mianwali Colony - Machine Tool Factory,Local Bus,1,Mianwali Colony,24.88068049,67.00832269,original,,
F-16,Mianwali Colony - Machine Tool Factory,Local Bus,2,Qasba Colony,24.9456648,67.0265919,original,,
F-16,Mianwali Colony - Machine Tool Factory,Local Bus,3,Banaras Chowk,24.9325016,67.0153877,original,,
F-16,Mianwali Colony - Machine Tool Factory,Local Bus,4,Abdullah College,24.85674345,66.99166857,original,,
F-16,Mianwali Colony - Machine Tool Factory,Local Bus,5,Paposh Nagar,24.92435225,67.01990575,original,,
F-16,Mianwali Colony - Machine Tool Factory,Local Bus,6,Abbasi Shaheed Hospital,24.92053005,67.02977986,original,,
F-16,Mianwali Colony - Machine Tool Factory,Local Bus,7,Nazimabad No 7,24.9161806,67.0345881,original,,
F-16,Mianwali Colony - Machine Tool Factory,Local Bus,8,Mujahid Colony,24.8419306,67.0287909,original,,
F-16,Mianwali Colony - Machine Tool Factory,Local Bus,9,Ziauddin Hospital,24.8163998,67.0033913,original,,
F-16,Mianwali Colony - Machine Tool Factory,Local Bus,10,Karimabad,24.9195535,67.0556807,original,,
F-16,Mianwali Colony - Machine Tool Factory,Local Bus,11,Liaquatabad No 10,24.9029771,67.0386279,original,,
F-16,Mianwali Colony - Machine Tool Factory,Local Bus,12,Teen Hatti,24.8937682,67.0437051,original,,
F-16,Mianwali Colony - Machine Tool Factory,Local Bus,13,Mazar e quaid,24.87549,67.04085,original,,
F-16,Mianwali Colony - Machine Tool Factory,Local Bus,14,Khudadad Colony,24.8701962,67.0440312,original,,
F-16,Mianwali Colony - Machine Tool Factory,Local Bus,15,Nursery,24.9163873,67.1224255,original,,
F-16,Mianwali Colony - Machine Tool Factory,Local Bus,16,Ftc,24.8583003,67.05220275,original,,
F-16,Mianwali Colony - Machine Tool Factory,Local Bus,17,Akhter Colony,24.8340477,67.0742769,original,,
F-16,Mianwali Colony - Machine Tool Factory,Local Bus,18,Qayyumabad,24.8293018,67.0809166,original,,
F-16,Mianwali Colony - Machine Tool Factory,Local Bus,19,Korangi No 1,24.8223732,67.13282462,original,,
F-16,Mianwali Colony - Machine Tool Factory,Local Bus,20,Korangi No 2,24.83869365,67.12041382,original,,
F-16,Mianwali Colony - Machine Tool Factory,Local Bus,21,Korangi No 3,24.83465038,67.09980991,original,,
F-16,Mianwali Colony - Machine Tool Factory,Local Bus,22,Korangi No 4,24.82747891,67.15797424,original,,
F-16,Mianwali Colony - Machine Tool Factory,Local Bus,23,Korangi Market No 6,24.82740985,67.1703876,original,,
F-16,Mianwali Colony - Machine Tool Factory,Local Bus,24,Degree College,24.8987911,67.2057727,original,,
F-16,Mianwali Colony - Machine Tool Factory,Local Bus,25,100 Quarter,24.8512599,66.99886871,original,,
F-16,Mianwali Colony - Machine Tool Factory,Local Bus,26,Korangi No 5,24.8344317,67.0726736,original,,
F-16,Mianwali Colony - Machine Tool Factory,Local Bus,27,Landhi No 6,24.83015626,67.1702861,original,,
F-16,Mianwali Colony - Machine Tool Factory,Local Bus,28,Landhi No 1,24.84375926,67.19866265,original,,
F-16,Mianwali Colony - Machine Tool Factory,Local Bus,29,Dawood Chowrangi,24.85068001,67.20714519,original,,
F-16,Mianwali Colony - Machine Tool Factory,Local Bus,30,Gul Ahmed Textile Mills,24.8380709,67.2187781,original,,
F-16,Mianwali Colony - Machine Tool Factory,Local Bus,31,Labour Square,24.8384436,67.1485025,original,,
F-16,Mianwali Colony - Machine Tool Factory,Local Bus,32,Machine Tool Factory,24.8394175,67.2532666,original,,
F-17,Zia Ul Haq Colony - Banalipara,Local Bus,1,Zia Ul Haq Colony,24.94579074,67.00109337,original,,
F-17,Zia Ul Haq Colony - Banalipara,Local Bus,2,Mominabad,24.9038413,67.2207176,original,,
F-17,Zia Ul Haq Colony - Banalipara,Local Bus,3,Bijli Nagar,24.93169635,66.99833091,original,,
F-17,Zia Ul Haq Colony - Banalipara,Local Bus,4,Orangi No 4,24.9461056,67.0128813,original,,
F-17,Zia Ul Haq Colony - Banalipara,Local Bus,5,Orangi No 5,24.94093003,67.00120971,original,,
F-17,Zia Ul Haq Colony - Banalipara,Local Bus,6,Metro Cinema,24.9358484,67.0094257,original,,
F-17,Zia Ul Haq Colony - Banalipara,Local Bus,7,Banaras Chowk,24.9325016,67.0153877,original,,
F-17,Zia Ul Haq Colony - Banalipara,Local Bus,8,Abdullah College,24.85674345,66.99166857,original,,
F-17,Zia Ul Haq Colony - Banalipara,Local Bus,9,Paposh Nagar,24.92435225,67.01990575,original,,
F-17,Zia Ul Haq Colony - Banalipara,Local Bus,10,Petrol Pump,24.91049797,67.0317775,original,,
F-17,Zia Ul Haq Colony - Banalipara,Local Bus,11,Liaquatabad No 10,24.9029771,67.0386279,original,,
F-17,Zia Ul Haq Colony - Banalipara,Local Bus,12,Teen Hatti,24.8937682,67.0437051,original,,
F-17,Zia Ul Haq Colony - Banalipara,Local Bus,13,Gurumandir,24.88140425,67.03925328,original,,
F-17,Zia Ul Haq Colony - Banalipara,Local Bus,14,Numaish,24.8733627,67.0359938,original,,
F-17,Zia Ul Haq Colony - Banalipara,Local Bus,15,Shahrah e quaideen,24.8651138,67.0553967,original,,
F-17,Zia Ul Haq Colony - Banalipara,Local Bus,16,Nursery,24.9163873,67.1224255,original,,
F-17,Zia Ul Haq Colony - Banalipara,Local Bus,17,Gora Qabristan,24.8547228,67.05054461,original,,
F-17,Zia Ul Haq Colony - Banalipara,Local Bus,18,Kalapul,24.8480594,67.0485377,original,,
F-17,Zia Ul Haq Colony - Banalipara,Local Bus,19,Defence Society,24.9594098,67.1888088,original,,
F-17,Zia Ul Haq Colony - Banalipara,Local Bus,20,Akhter Colony,24.8340477,67.0742769,original,,
F-17,Zia Ul Haq Colony - Banalipara,Local Bus,21,Qayyumabad,24.8293018,67.0809166,original,,
F-17,Zia Ul Haq Colony - Banalipara,Local Bus,22,Chamra Chowrangi,24.83880293,67.120853,original,,
F-17,Zia Ul Haq Colony - Banalipara,Local Bus,23,Korangi Industrial Area,24.841706,67.1339881,original,,
F-17,Zia Ul Haq Colony - Banalipara,Local Bus,24,Bilal Colony,24.8478476,67.1342808,original,,
F-17,Zia Ul Haq Colony - Banalipara,Local Bus,25,Bismillah Stop,24.83162005,67.14451077,original,,
F-17,Zia Ul Haq Colony - Banalipara,Local Bus,26,Korangi No 4,24.82747891,67.15797424,original,,
F-17,Zia Ul Haq Colony - Banalipara,Local Bus,27,Korangi No 5,24.8344317,67.0726736,original,,
F-17,Zia Ul Haq Colony - Banalipara,Local Bus,28,Dhobi Ghat,24.87787915,67.01249693,original,,
F-17,Zia Ul Haq Colony - Banalipara,Local Bus,29,100 Quarter,24.8512599,66.99886871,original,,
F-17,Zia Ul Haq Colony - Banalipara,Local Bus,30,Banalipara,24.96608827,67.0779552,original,,
F-18,Biscuit Factory - Two Minutes Chowrangi,Local Bus,1,Biscuit Factory,24.95718947,66.98530991,original,,
F-18,Biscuit Factory - Two Minutes Chowrangi,Local Bus,2,Chamra Chowrangi,24.83880293,67.120853,original,,
F-18,Biscuit Factory - Two Minutes Chowrangi,Local Bus,3,Bilal Chowrangi,24.8431266,67.1416599,original,,
F-18,Biscuit Factory - Two Minutes Chowrangi,Local Bus,4,Bilal Colony,24.8478476,67.1342808,original,,
F-18,Biscuit Factory - Two Minutes Chowrangi,Local Bus,5,Korangi Telephone Exchange,24.82624365,67.17664203,original,,
F-18,Biscuit Factory - Two Minutes Chowrangi,Local Bus,6,Korangi No 2,24.83869365,67.12041382,original,,
F-18,Biscuit Factory - Two Minutes Chowrangi,Local Bus,7,Double Road,24.8429634,67.0804554,original,,
F-18,Biscuit Factory - Two Minutes Chowrangi,Local Bus,8,Korangi No 3,24.83465038,67.09980991,original,,
F-18,Biscuit Factory - Two Minutes Chowrangi,Local Bus,9,Korangi No 6,24.8344317,67.0726736,original,,
F-18,Biscuit Factory - Two Minutes Chowrangi,Local Bus,10,Landhi No 6,24.83015626,67.1702861,original,,
F-18,Biscuit Factory - Two Minutes Chowrangi,Local Bus,11,Dawood Chowrangi,24.85068001,67.20714519,original,,
F-18,Biscuit Factory - Two Minutes Chowrangi,Local Bus,12,Quaidabad,24.8551282,67.2117445,original,,
F-18,Biscuit Factory - Two Minutes Chowrangi,Local Bus,13,Malir No 15,24.8585106,67.034793,original,,
F-18,Biscuit Factory - Two Minutes Chowrangi,Local Bus,14,Star Gate,24.8869874,67.1557304,original,,
F-18,Biscuit Factory - Two Minutes Chowrangi,Local Bus,15,Natha Khan Goth,24.882777,67.1357614,original,,
F-18,Biscuit Factory - Two Minutes Chowrangi,Local Bus,16,Rashid Minhas Road,24.9380391,67.085045,original,,
F-18,Biscuit Factory - Two Minutes Chowrangi,Local Bus,17,Nipa Chowrangi,24.917822,67.0971368,original,,
F-18,Biscuit Factory - Two Minutes Chowrangi,Local Bus,18,Gulshan Chowrangi,24.9246131,67.0912849,original,,
F-18,Biscuit Factory - Two Minutes Chowrangi,Local Bus,19,Sohrab Goth,24.9436845,67.0843456,original,,
F-18,Biscuit Factory - Two Minutes Chowrangi,Local Bus,20,Power House,24.9529226,67.0774852,original,,
F-18,Biscuit Factory - Two Minutes Chowrangi,Local Bus,21,Nagan Chowrangi,24.9650421,67.0668664,original,,
F-18,Biscuit Factory - Two Minutes Chowrangi,Local Bus,22,Up Mor,24.97276137,67.06671058,original,,
F-18,Biscuit Factory - Two Minutes Chowrangi,Local Bus,23,Salim Square,24.88542645,67.14626791,original,,
F-18,Biscuit Factory - Two Minutes Chowrangi,Local Bus,24,Two Minutes Chowrangi,25.00057259,67.06491635,original,,
F-9,Gul Ahmed Textile Mills - Site Pathan Colony,Local Bus,1,Gul Ahmed Textile Mills,24.8380709,67.2187781,original,,
F-9,Gul Ahmed Textile Mills - Site Pathan Colony,Local Bus,2,Dawood Chowrangi,24.85068001,67.20714519,original,,
F-9,Gul Ahmed Textile Mills - Site Pathan Colony,Local Bus,3,Babar Market,24.8586062,67.0038439,original,,
F-9,Gul Ahmed Textile Mills - Site Pathan Colony,Local Bus,4,Chirgh Hotel,24.90350971,67.05868875,original,,
F-9,Gul Ahmed Textile Mills - Site Pathan Colony,Local Bus,5,Landhi No 6,24.83015626,67.1702861,original,,
F-9,Gul Ahmed Textile Mills - Site Pathan Colony,Local Bus,6,36 b Auliya Masjid Burmi Colony,24.82318988,67.18129856,original,,
F-9,Gul Ahmed Textile Mills - Site Pathan Colony,Local Bus,7,Landhi K area,24.83913763,67.16648335,original,,
F-9,Gul Ahmed Textile Mills - Site Pathan Colony,Local Bus,8,Korangi Industrial Area,24.841706,67.1339881,original,,
F-9,Gul Ahmed Textile Mills - Site Pathan Colony,Local Bus,9,Korangi No 5,24.8344317,67.0726736,original,,
F-9,Gul Ahmed Textile Mills - Site Pathan Colony,Local Bus,10,Khudadad Colony,24.8701962,67.0440312,original,,
F-9,Gul Ahmed Textile Mills - Site Pathan Colony,Local Bus,11,M.a Jinnah Road,24.8750228,67.0372144,original,,
F-9,Gul Ahmed Textile Mills - Site Pathan Colony,Local Bus,12,Gurumandir,24.88140425,67.03925328,original,,
F-9,Gul Ahmed Textile Mills - Site Pathan Colony,Local Bus,13,Jahangir Road,24.9300945,67.0427844,original,,
F-9,Gul Ahmed Textile Mills - Site Pathan Colony,Local Bus,14,Teen Hatti,24.8937682,67.0437051,original,,
F-9,Gul Ahmed Textile Mills - Site Pathan Colony,Local Bus,15,Liaquatabad No 10,24.9029771,67.0386279,original,,
F-9,Gul Ahmed Textile Mills - Site Pathan Colony,Local Bus,16,Society Hospital,24.866315,67.050228,original,,
F-9,Gul Ahmed Textile Mills - Site Pathan Colony,Local Bus,17,Site Pathan Colony,24.91866295,66.9973682,original,,
G-10,Orangi Town - Pahalwan Goth,Local Bus,1,Orangi Town,24.9461056,67.0128813,original,,
G-10,Orangi Town - Pahalwan Goth,Local Bus,2,Iqbal Market,24.93519455,67.04381409,original,,
G-10,Orangi Town - Pahalwan Goth,Local Bus,3,Islam Chowk,24.9552879,66.9900921,original,,
G-10,Orangi Town - Pahalwan Goth,Local Bus,4,Orangi No 5,24.94093003,67.00120971,original,,
G-10,Orangi Town - Pahalwan Goth,Local Bus,5,Banaras Chowk,24.9325016,67.0153877,original,,
G-10,Orangi Town - Pahalwan Goth,Local Bus,6,Habib Bank,24.9365406,67.0656617,original,,
G-10,Orangi Town - Pahalwan Goth,Local Bus,7,Petrol Pump,24.91049797,67.0317775,original,,
G-10,Orangi Town - Pahalwan Goth,Local Bus,8,Nazimabad,24.905865,67.0307183,original,,
G-10,Orangi Town - Pahalwan Goth,Local Bus,9,Liaquatabad No 10,24.9029771,67.0386279,original,,
G-10,Orangi Town - Pahalwan Goth,Local Bus,10,Karimabad,24.9195535,67.0556807,original,,
G-10,Orangi Town - Pahalwan Goth,Local Bus,11,Water Pump,24.874899,67.1673,original,,
G-10,Orangi Town - Pahalwan Goth,Local Bus,12,Sohrab Goth,24.9436845,67.0843456,original,,
G-10,Orangi Town - Pahalwan Goth,Local Bus,13,Nipa Chowrangi,24.917822,67.0971368,original,,
G-10,Orangi Town - Pahalwan Goth,Local Bus,14,Gulshan Chowrangi,24.9246131,67.0912849,original,,
G-10,Orangi Town - Pahalwan Goth,Local Bus,15,Safari Park,24.92050075,67.11144638,original,,
G-10,Orangi Town - Pahalwan Goth,Local Bus,16,Rabia City,24.9083967,67.130701,original,,
G-10,Orangi Town - Pahalwan Goth,Local Bus,17,Pahalwan Goth,24.9076695,67.13925488,original,,
G-12,Orangi Town - Pahalwan Goth,Local Bus,1,Orangi Town,24.9461056,67.0128813,original,,
G-12,Orangi Town - Pahalwan Goth,Local Bus,2,Mansoor Nagar,24.9731863,66.97529066,original,,
G-12,Orangi Town - Pahalwan Goth,Local Bus,3,Rehmat Chowk,24.9609154,66.9874892,original,,
G-12,Orangi Town - Pahalwan Goth,Local Bus,4,Iqbal Market,24.93519455,67.04381409,original,,
G-12,Orangi Town - Pahalwan Goth,Local Bus,5,Islam Chowk,24.9552879,66.9900921,original,,
G-12,Orangi Town - Pahalwan Goth,Local Bus,6,Nishan e haider Road,24.9472562,66.9941289,original,,
G-12,Orangi Town - Pahalwan Goth,Local Bus,7,Bacha Khan Chowk,24.9339981,67.01719652,original,,
G-12,Orangi Town - Pahalwan Goth,Local Bus,8,Paposh Nagar,24.92435225,67.01990575,original,,
G-12,Orangi Town - Pahalwan Goth,Local Bus,9,Nazimabad No 1,24.905865,67.0307183,original,,
G-12,Orangi Town - Pahalwan Goth,Local Bus,10,Nazimabad No 2,24.905865,67.0307183,original,,
G-12,Orangi Town - Pahalwan Goth,Local Bus,11,Petrol Pump,24.91049797,67.0317775,original,,
G-12,Orangi Town - Pahalwan Goth,Local Bus,12,Liaquatabad No 10,24.9029771,67.0386279,original,,
G-12,Orangi Town - Pahalwan Goth,Local Bus,13,Hassan Square,24.9015402,67.0738387,original,,
G-12,Orangi Town - Pahalwan Goth,Local Bus,14,Urdu College,24.9130813,67.0912676,original,,
G-12,Orangi Town - Pahalwan Goth,Local Bus,15,Nipa Chowrangi,24.917822,67.0971368,original,,
G-12,Orangi Town - Pahalwan Goth,Local Bus,16,Safari Park,24.92050075,67.11144638,original,,
G-12,Orangi Town - Pahalwan Goth,Local Bus,17,Jauhar Square,24.91012264,67.12504037,original,,
G-12,Orangi Town - Pahalwan Goth,Local Bus,18,Pahalwan Goth,24.9076695,67.13925488,original,,
G-13,Fareed Colony - Karachi University,Local Bus,1,Fareed Colony,24.9335079,66.9816856,original,,
G-13,Fareed Colony - Karachi University,Local Bus,2,Naiabadi,24.93078255,66.95144676,original,,
G-13,Fareed Colony - Karachi University,Local Bus,3,Rasheedabad,24.9834401,67.0472181,original,,
G-13,Fareed Colony - Karachi University,Local Bus,4,Banaras Chowk,24.9325016,67.0153877,original,,
G-13,Fareed Colony - Karachi University,Local Bus,5,Abdullah College,24.85674345,66.99166857,original,,
G-13,Fareed Colony - Karachi University,Local Bus,6,Board Office,24.85388415,67.02427281,original,,
G-13,Fareed Colony - Karachi University,Local Bus,7,Hyderi,24.93622,67.0439858,original,,
G-13,Fareed Colony - Karachi University,Local Bus,8,Chowrangi,24.8526989,67.01530021,original,,
G-13,Fareed Colony - Karachi University,Local Bus,9,Ziauddin Hospital,24.8163998,67.0033913,original,,
G-13,Fareed Colony - Karachi University,Local Bus,10,Moosa Colony,24.92013,67.0489994,original,,
G-13,Fareed Colony - Karachi University,Local Bus,11,Liaquatabad No 10,24.9029771,67.0386279,original,,
G-13,Fareed Colony - Karachi University,Local Bus,12,Gharibabad,24.9088666,67.0572828,original,,
G-13,Fareed Colony - Karachi University,Local Bus,13,Hassan Square,24.9015402,67.0738387,original,,
G-13,Fareed Colony - Karachi University,Local Bus,14,Karachi University,24.8787907,67.04753855,original,,
G-21,Pahalwan Goth - Bhains Colony,Local Bus,1,Pahalwan Goth,24.9076695,67.13925488,original,,
G-21,Pahalwan Goth - Bhains Colony,Local Bus,2,Safari Park,24.92050075,67.11144638,original,,
G-21,Pahalwan Goth - Bhains Colony,Local Bus,3,University Road,24.9270099,67.1101087,original,,
G-21,Pahalwan Goth - Bhains Colony,Local Bus,4,Nipa Chowrangi,24.917822,67.0971368,original,,
G-21,Pahalwan Goth - Bhains Colony,Local Bus,5,Hassan Square,24.9015402,67.0738387,original,,
G-21,Pahalwan Goth - Bhains Colony,Local Bus,6,Jail Road,24.8891661,67.0515129,original,,
G-21,Pahalwan Goth - Bhains Colony,Local Bus,7,Shaheed e millat Road,24.8864065,67.0541672,original,,
G-21,Pahalwan Goth - Bhains Colony,Local Bus,8,Baloch Colony,24.87176,67.0797974,original,,
G-21,Pahalwan Goth - Bhains Colony,Local Bus,9,Bilal Chowrangi,24.8431266,67.1416599,original,,
G-21,Pahalwan Goth - Bhains Colony,Local Bus,10,Hassan Chowrangi,24.9536063,67.0575983,original,,
G-21,Pahalwan Goth - Bhains Colony,Local Bus,11,Landhi No 4,24.83827073,67.18183607,original,,
G-21,Pahalwan Goth - Bhains Colony,Local Bus,12,Babar Market,24.8586062,67.0038439,original,,
G-21,Pahalwan Goth - Bhains Colony,Local Bus,13,Hospital Chorangi,24.9443639,67.063704,original,,
G-21,Pahalwan Goth - Bhains Colony,Local Bus,14,Bhains Colony,24.8394175,67.2532666,original,,
G-25,Ittehad Town - Rasheedabad,Local Bus,1,Ittehad Town,24.9653497,66.9594937,original,,
G-25,Ittehad Town - Rasheedabad,Local Bus,2,Gulistan e jouhar,24.9311811,67.1570819,original,,
G-25,Ittehad Town - Rasheedabad,Local Bus,3,Jauhar Square,24.91012264,67.12504037,original,,
G-25,Ittehad Town - Rasheedabad,Local Bus,4,Drive in cinema,24.90125318,67.11141068,original,,
G-25,Ittehad Town - Rasheedabad,Local Bus,5,Nipa Chowrangi,24.917822,67.0971368,original,,
G-25,Ittehad Town - Rasheedabad,Local Bus,6,Samdani Hospital,24.9216319,67.088304,original,,
G-25,Ittehad Town - Rasheedabad,Local Bus,7,Yasinabad,24.9202282,67.0759779,original,,
G-25,Ittehad Town - Rasheedabad,Local Bus,8,Aisha Manzil,24.9265667,67.065173,original,,
G-25,Ittehad Town - Rasheedabad,Local Bus,9,Landi Kotal,24.93693195,67.05528138,original,,
G-25,Ittehad Town - Rasheedabad,Local Bus,10,North Nazimabad,24.9330385,67.0518942,original,,
G-25,Ittehad Town - Rasheedabad,Local Bus,11,Hyderi,24.93622,67.0439858,original,,
G-25,Ittehad Town - Rasheedabad,Local Bus,12,Board Office,24.85388415,67.02427281,original,,
G-25,Ittehad Town - Rasheedabad,Local Bus,13,Abdullah College,24.85674345,66.99166857,original,,
G-25,Ittehad Town - Rasheedabad,Local Bus,14,Banaras Chowk,24.9325016,67.0153877,original,,
G-25,Ittehad Town - Rasheedabad,Local Bus,15,Orangi No 4,24.9461056,67.0128813,original,,
G-25,Ittehad Town - Rasheedabad,Local Bus,16,Badar Hotel,24.93406756,66.99731552,original,,
G-25,Ittehad Town - Rasheedabad,Local Bus,17,Bijli Nagar,24.93169635,66.99833091,original,,
G-25,Ittehad Town - Rasheedabad,Local Bus,18,Mominabad,24.9038413,67.2207176,original,,
G-25,Ittehad Town - Rasheedabad,Local Bus,19,Rasheedabad,24.9834401,67.0472181,original,,
G-27,Orangi Town - Miran Hospital,Local Bus,1,Orangi Town,24.9461056,67.0128813,original,,
G-27,Orangi Town - Miran Hospital,Local Bus,2,Yousuf Goth,24.8602104,67.258722,original,,
G-27,Orangi Town - Miran Hospital,Local Bus,3,Hub River Road,24.93284598,66.94017054,original,,
G-27,Orangi Town - Miran Hospital,Local Bus,4,Bukhramandi,24.98565508,67.06469238,original,,
G-27,Orangi Town - Miran Hospital,Local Bus,5,Afridi Chowk,24.95554773,66.95392374,original,,
G-27,Orangi Town - Miran Hospital,Local Bus,6,Jamia Mehnodia,25.00525247,67.15905434,original,,
G-27,Orangi Town - Miran Hospital,Local Bus,7,Orangi Town,24.9461056,67.0128813,original,,
G-27,Orangi Town - Miran Hospital,Local Bus,8,Saddiq Akber Colony,24.99371669,67.07776162,original,,
G-27,Orangi Town - Miran Hospital,Local Bus,9,Sabri Chowk,24.8596919,67.0158505,original,,
G-27,Orangi Town - Miran Hospital,Local Bus,10,Urdu Chowk,24.94295422,66.98843775,original,,
G-27,Orangi Town - Miran Hospital,Local Bus,11,Orangi No 10,24.9461056,67.0128813,original,,
G-27,Orangi Town - Miran Hospital,Local Bus,12,Orangi No 4,24.9461056,67.0128813,original,,
G-27,Orangi Town - Miran Hospital,Local Bus,13,Orangi No 5,24.94093003,67.00120971,original,,
G-27,Orangi Town - Miran Hospital,Local Bus,14,Metro Cinema,24.9358484,67.0094257,original,,
G-27,Orangi Town - Miran Hospital,Local Bus,15,Banaras Chowk,24.9325016,67.0153877,original,,
G-27,Orangi Town - Miran Hospital,Local Bus,16,Abdullah College,24.85674345,66.99166857,original,,
G-27,Orangi Town - Miran Hospital,Local Bus,17,Board Office,24.85388415,67.02427281,original,,
G-27,Orangi Town - Miran Hospital,Local Bus,18,Kda Chowrangi,24.9314051,67.0375124,original,,
G-27,Orangi Town - Miran Hospital,Local Bus,19,Ziauddin Hospital,24.8163998,67.0033913,original,,
G-27,Orangi Town - Miran Hospital,Local Bus,20,Landi Kotal,24.93693195,67.05528138,original,,
G-27,Orangi Town - Miran Hospital,Local Bus,21,Peoples Chowrangi,24.94782843,67.06587781,original,,
G-27,Orangi Town - Miran Hospital,Local Bus,22,Buffer Zone,24.9618053,67.0715893,original,,
G-27,Orangi Town - Miran Hospital,Local Bus,23,Power House,24.9529226,67.0774852,original,,
G-27,Orangi Town - Miran Hospital,Local Bus,24,Sohrab Goth,24.9436845,67.0843456,original,,
G-27,Orangi Town - Miran Hospital,Local Bus,25,Fazal Mills,24.84714,67.1713711,original,,
G-27,Orangi Town - Miran Hospital,Local Bus,26,Nipa Chowrangi,24.917822,67.0971368,original,,
G-27,Orangi Town - Miran Hospital,Local Bus,27,Safari Park,24.92050075,67.11144638,original,,
G-27,Orangi Town - Miran Hospital,Local Bus,28,Jauhar Square,24.91012264,67.12504037,original,,
G-27,Orangi Town - Miran Hospital,Local Bus,29,Pahalwan Goth,24.9076695,67.13925488,original,,
G-27,Orangi Town - Miran Hospital,Local Bus,30,Pia Society,24.91529195,67.14444464,original,,
G-27,Orangi Town - Miran Hospital,Local Bus,31,Bakhtawar Goth,24.8207507,67.2350948,original,,
G-27,Orangi Town - Miran Hospital,Local Bus,32,Gul City,24.9339483,67.1289529,original,,
G-27,Orangi Town - Miran Hospital,Local Bus,33,Safoora Goth,24.9392946,67.1561264,original,,
G-27,Orangi Town - Miran Hospital,Local Bus,34,Miran Hospital,24.85676048,66.9973852,original,,
G-55,Ittehad Town - Mohammad Khan Goth,Local Bus,1,Ittehad Town,24.9653497,66.9594937,original,,
G-55,Ittehad Town - Mohammad Khan Goth,Local Bus,2,Dawood Goth,24.9481475,66.9467232,original,,
G-55,Ittehad Town - Mohammad Khan Goth,Local Bus,3,Naval Colony,24.9421646,66.9348258,original,,
G-55,Ittehad Town - Mohammad Khan Goth,Local Bus,4,Moach Goth,24.9213204,66.94344325,original,,
G-55,Ittehad Town - Mohammad Khan Goth,Local Bus,5,Mohajir Camp,24.90993073,66.96027216,original,,
G-55,Ittehad Town - Mohammad Khan Goth,Local Bus,6,Hub River Road,24.93284598,66.94017054,original,,
G-55,Ittehad Town - Mohammad Khan Goth,Local Bus,7,Rasheedabad,24.9834401,67.0472181,original,,
G-55,Ittehad Town - Mohammad Khan Goth,Local Bus,8,Labour Square,24.8384436,67.1485025,original,,
G-55,Ittehad Town - Mohammad Khan Goth,Local Bus,9,Ghani Chowrangi,24.894223,66.9895923,original,,
G-55,Ittehad Town - Mohammad Khan Goth,Local Bus,10,Bara Board,24.90336919,67.01741617,original,,
G-55,Ittehad Town - Mohammad Khan Goth,Local Bus,11,Old Golimar,24.88553616,67.02093822,original,,
G-55,Ittehad Town - Mohammad Khan Goth,Local Bus,12,Garden,24.8457029,67.0234024,original,,
G-55,Ittehad Town - Mohammad Khan Goth,Local Bus,13,Soldier Bazar,24.8720957,67.0270782,original,,
G-55,Ittehad Town - Mohammad Khan Goth,Local Bus,14,Gurumandir,24.88140425,67.03925328,original,,
G-55,Ittehad Town - Mohammad Khan Goth,Local Bus,15,Islamia College,24.8797964,67.04616588,original,,
G-55,Ittehad Town - Mohammad Khan Goth,Local Bus,16,Agha Khan Hospital,24.8293087,67.0655315,original,,
G-55,Ittehad Town - Mohammad Khan Goth,Local Bus,17,National Stadium,24.8946458,67.08160851,original,,
G-55,Ittehad Town - Mohammad Khan Goth,Local Bus,18,Dalmia Road,24.9017427,67.0985722,original,,
G-55,Ittehad Town - Mohammad Khan Goth,Local Bus,19,Rashid Minhas Road,24.9380391,67.085045,original,,
G-55,Ittehad Town - Mohammad Khan Goth,Local Bus,20,Nipa Chowrangi,24.917822,67.0971368,original,,
G-55,Ittehad Town - Mohammad Khan Goth,Local Bus,21,Safari Park,24.92050075,67.11144638,original,,
G-55,Ittehad Town - Mohammad Khan Goth,Local Bus,22,University Road,24.9270099,67.1101087,original,,
G-55,Ittehad Town - Mohammad Khan Goth,Local Bus,23,Suparco Chowk,24.94668906,67.13629052,original,,
G-55,Ittehad Town - Mohammad Khan Goth,Local Bus,24,Sachal Goth,24.9532495,67.1315312,original,,
G-55,Ittehad Town - Mohammad Khan Goth,Local Bus,25,Mohammad Khan Goth,24.96019587,67.12466791,original,,
G-8,Rustam Goth - Shirin Jinnah Colony,Local Bus,1,Rustam Goth,25.12732678,67.20403473,original,,
G-8,Rustam Goth - Shirin Jinnah Colony,Local Bus,2,Jauhar Square,24.91012264,67.12504037,original,,
G-8,Rustam Goth - Shirin Jinnah Colony,Local Bus,3,Safari Park,24.92050075,67.11144638,original,,
G-8,Rustam Goth - Shirin Jinnah Colony,Local Bus,4,Nipa Chowrangi,24.917822,67.0971368,original,,
G-8,Rustam Goth - Shirin Jinnah Colony,Local Bus,5,Aziz Bhatti Park,24.9126317,67.09454121,original,,
G-8,Rustam Goth - Shirin Jinnah Colony,Local Bus,6,Civic Centre,24.90068052,67.07315729,original,,
G-8,Rustam Goth - Shirin Jinnah Colony,Local Bus,7,Purani Sabzi Mandi,24.89882325,67.06557071,original,,
G-8,Rustam Goth - Shirin Jinnah Colony,Local Bus,8,Jamshed Road,24.8843115,67.0483818,original,,
G-8,Rustam Goth - Shirin Jinnah Colony,Local Bus,9,Gurumandir,24.88140425,67.03925328,original,,
G-8,Rustam Goth - Shirin Jinnah Colony,Local Bus,10,7th Day Hospital,24.8661719,67.02762135,original,,
G-8,Rustam Goth - Shirin Jinnah Colony,Local Bus,11,M.a Jinnah Road,24.8750228,67.0372144,original,,
G-8,Rustam Goth - Shirin Jinnah Colony,Local Bus,12,City Court,24.8558392,67.0054719,original,,
G-8,Rustam Goth - Shirin Jinnah Colony,Local Bus,13,Juna Market,24.856877,67.0021881,original,,
G-8,Rustam Goth - Shirin Jinnah Colony,Local Bus,14,Lee Market,24.860696,67.0005244,original,,
G-8,Rustam Goth - Shirin Jinnah Colony,Local Bus,15,Kharadar,24.8500499,66.9943642,original,,
G-8,Rustam Goth - Shirin Jinnah Colony,Local Bus,16,Jamat Khana,24.91372555,67.10107678,original,,
G-8,Rustam Goth - Shirin Jinnah Colony,Local Bus,17,Keamari,24.80023885,66.97168461,original,,
G-8,Rustam Goth - Shirin Jinnah Colony,Local Bus,18,Masan Road,24.82079328,66.99635811,original,,
G-8,Rustam Goth - Shirin Jinnah Colony,Local Bus,19,Shirin Jinnah Colony,24.81768184,66.99454568,original,,
G-9,Naiabadi - Gulshan Jauhar Goth,Local Bus,1,Naiabadi,24.93078255,66.95144676,original,,
G-9,Naiabadi - Gulshan Jauhar Goth,Local Bus,2,Mohajir Camp,24.90993073,66.96027216,original,,
G-9,Naiabadi - Gulshan Jauhar Goth,Local Bus,3,Shershah,24.8840043,66.9930042,original,,
G-9,Naiabadi - Gulshan Jauhar Goth,Local Bus,4,Mira Naka,24.87863067,66.99552479,original,,
G-9,Naiabadi - Gulshan Jauhar Goth,Local Bus,5,Chakiwara,24.8642134,66.99972,original,,
G-9,Naiabadi - Gulshan Jauhar Goth,Local Bus,6,Lee Market,24.860696,67.0005244,original,,
G-9,Naiabadi - Gulshan Jauhar Goth,Local Bus,7,Siddiq Wahab Road,24.8615523,67.0015933,original,,
G-9,Naiabadi - Gulshan Jauhar Goth,Local Bus,8,Haji Camp,24.84404605,67.03777688,original,,
G-9,Naiabadi - Gulshan Jauhar Goth,Local Bus,9,Lawrence Road,24.87942705,67.04260473,original,,
G-9,Naiabadi - Gulshan Jauhar Goth,Local Bus,10,Garden,24.8457029,67.0234024,original,,
G-9,Naiabadi - Gulshan Jauhar Goth,Local Bus,11,Lasbela Chowk,24.8873906,67.0330192,original,,
G-9,Naiabadi - Gulshan Jauhar Goth,Local Bus,12,Teen Hatti,24.8937682,67.0437051,original,,
G-9,Naiabadi - Gulshan Jauhar Goth,Local Bus,13,Jail Road,24.8891661,67.0515129,original,,
G-9,Naiabadi - Gulshan Jauhar Goth,Local Bus,14,Purani Sabzi Mandi,24.89882325,67.06557071,original,,
G-9,Naiabadi - Gulshan Jauhar Goth,Local Bus,15,Hassan Square,24.9015402,67.0738387,original,,
G-9,Naiabadi - Gulshan Jauhar Goth,Local Bus,16,Nipa Chowrangi,24.917822,67.0971368,original,,
G-9,Naiabadi - Gulshan Jauhar Goth,Local Bus,17,Safari Park,24.92050075,67.11144638,original,,
G-9,Naiabadi - Gulshan Jauhar Goth,Local Bus,18,Gulshan Jauhar Goth,24.9339483,67.1289529,original,,
GUL_Coach,Sohrab Goth - Saeedabad,Local Bus,1,Sohrab Goth,24.9436845,67.0843456,original,,
GUL_Coach,Sohrab Goth - Saeedabad,Local Bus,2,Ispahani Road,24.93836306,67.10168964,original,,
GUL_Coach,Sohrab Goth - Saeedabad,Local Bus,3,Disco Bakery,24.929117,67.097339,original,,
GUL_Coach,Sohrab Goth - Saeedabad,Local Bus,4,Gulshan Chowrangi,24.9246131,67.0912849,original,,
GUL_Coach,Sohrab Goth - Saeedabad,Local Bus,5,Nipa Chowrangi,24.917822,67.0971368,original,,
GUL_Coach,Sohrab Goth - Saeedabad,Local Bus,6,Civic Centre,24.90068052,67.07315729,original,,
GUL_Coach,Sohrab Goth - Saeedabad,Local Bus,7,Purani Sabzi Mandi,24.89882325,67.06557071,original,,
GUL_Coach,Sohrab Goth - Saeedabad,Local Bus,8,Islamia College,24.8797964,67.04616588,original,,
GUL_Coach,Sohrab Goth - Saeedabad,Local Bus,9,Numaish,24.8733627,67.0359938,original,,
GUL_Coach,Sohrab Goth - Saeedabad,Local Bus,10,Saeed Manzil,24.840312,67.0177218,original,,
GUL_Coach,Sohrab Goth - Saeedabad,Local Bus,11,Jama Cloth Market,24.85878235,67.0144873,original,,
GUL_Coach,Sohrab Goth - Saeedabad,Local Bus,12,Tower,24.8487511,66.996677,original,,
GUL_Coach,Sohrab Goth - Saeedabad,Local Bus,13,Gulbai,24.8826765,67.0310748,original,,
GUL_Coach,Sohrab Goth - Saeedabad,Local Bus,14,Shershah,24.8840043,66.9930042,original,,
GUL_Coach,Sohrab Goth - Saeedabad,Local Bus,15,Baldia Town,24.9189599,66.9877365,original,,
GUL_Coach,Sohrab Goth - Saeedabad,Local Bus,16,Saeedabad,24.879299,66.999896,original,,
Gulistan_Coach,Pahalwan Goth - Qayyumabad,Local Bus,1,Pahalwan Goth,24.9076695,67.13925488,original,,
Gulistan_Coach,Pahalwan Goth - Qayyumabad,Local Bus,2,Gulistan e jouhar,24.9311811,67.1570819,original,,
Gulistan_Coach,Pahalwan Goth - Qayyumabad,Local Bus,3,Jauhar Square,24.91012264,67.12504037,original,,
Gulistan_Coach,Pahalwan Goth - Qayyumabad,Local Bus,4,Rashid Minhas Road,24.9380391,67.085045,original,,
Gulistan_Coach,Pahalwan Goth - Qayyumabad,Local Bus,5,Nipa Chowrangi,24.917822,67.0971368,original,,
Gulistan_Coach,Pahalwan Goth - Qayyumabad,Local Bus,6,Hassan Square,24.9015402,67.0738387,original,,
Gulistan_Coach,Pahalwan Goth - Qayyumabad,Local Bus,7,Purani Sabzi Mandi,24.89882325,67.06557071,original,,
Gulistan_Coach,Pahalwan Goth - Qayyumabad,Local Bus,8,New Town,24.8839633,67.05543308,original,,
Gulistan_Coach,Pahalwan Goth - Qayyumabad,Local Bus,9,Jail Chowrangi,24.8848564,67.0565777,original,,
Gulistan_Coach,Pahalwan Goth - Qayyumabad,Local Bus,10,Islamia College,24.8797964,67.04616588,original,,
Gulistan_Coach,Pahalwan Goth - Qayyumabad,Local Bus,11,Mazar e quaid,24.87549,67.04085,original,,
Gulistan_Coach,Pahalwan Goth - Qayyumabad,Local Bus,12,Numaish,24.8733627,67.0359938,original,,
Gulistan_Coach,Pahalwan Goth - Qayyumabad,Local Bus,13,M.a Jinnah Road,24.8750228,67.0372144,original,,
Gulistan_Coach,Pahalwan Goth - Qayyumabad,Local Bus,14,Plaza,24.86122718,67.02826291,original,,
Gulistan_Coach,Pahalwan Goth - Qayyumabad,Local Bus,15,Jama Cloth Market,24.85878235,67.0144873,original,,
Gulistan_Coach,Pahalwan Goth - Qayyumabad,Local Bus,16,Tower,24.8487511,66.996677,original,,
Gulistan_Coach,Pahalwan Goth - Qayyumabad,Local Bus,17,Mai Kolachi Road,24.8288533,67.0197795,original,,
Gulistan_Coach,Pahalwan Goth - Qayyumabad,Local Bus,18,Boat Basin,24.82144905,67.01830424,original,,
Gulistan_Coach,Pahalwan Goth - Qayyumabad,Local Bus,19,Bilawal Chowrangi,24.81580756,67.02027104,original,,
Gulistan_Coach,Pahalwan Goth - Qayyumabad,Local Bus,20,Bilawal House,24.8123188,67.0200174,original,,
Gulistan_Coach,Pahalwan Goth - Qayyumabad,Local Bus,21,Samandar Kinara,24.80971575,67.01791039,original,,
Gulistan_Coach,Pahalwan Goth - Qayyumabad,Local Bus,22,Abdullah Shah Ghazi Road,24.81077366,67.0308951,original,,
Gulistan_Coach,Pahalwan Goth - Qayyumabad,Local Bus,23,26 Street,24.79760185,67.03974079,original,,
Gulistan_Coach,Pahalwan Goth - Qayyumabad,Local Bus,24,Saudi Embassy,24.8167137,67.051722,original,,
Gulistan_Coach,Pahalwan Goth - Qayyumabad,Local Bus,25,Khyaban e hafiz,24.80719903,67.06336285,original,,
Gulistan_Coach,Pahalwan Goth - Qayyumabad,Local Bus,26,Sultan Masjid,24.8109122,67.0583186,original,,
Gulistan_Coach,Pahalwan Goth - Qayyumabad,Local Bus,27,Khyaban e baharia,24.81370364,67.06132438,original,,
Gulistan_Coach,Pahalwan Goth - Qayyumabad,Local Bus,28,Khayaban E Ittehad,24.7788786,67.0550329,original,,
Gulistan_Coach,Pahalwan Goth - Qayyumabad,Local Bus,29,Korangi Road,24.8344317,67.0726736,original,,
Gulistan_Coach,Pahalwan Goth - Qayyumabad,Local Bus,30,Qayyumabad,24.8293018,67.0809166,original,,
Mahfooz_Coach,Surjani Town - Sea View,Local Bus,1,Surjani Town,25.0770299,67.073576,original,,
Mahfooz_Coach,Surjani Town - Sea View,Local Bus,2,Naiabadi,24.93078255,66.95144676,original,,
Mahfooz_Coach,Surjani Town - Sea View,Local Bus,3,Salim Centre,24.92739453,67.06265382,original,,
Mahfooz_Coach,Surjani Town - Sea View,Local Bus,4,Nagan Chowrangi,24.9650421,67.0668664,original,,
Mahfooz_Coach,Surjani Town - Sea View,Local Bus,5,Sakhi Hasan,24.9557798,67.0547588,original,,
Mahfooz_Coach,Surjani Town - Sea View,Local Bus,6,Hyderi,24.93622,67.0439858,original,,
Mahfooz_Coach,Surjani Town - Sea View,Local Bus,7,Board Office,24.85388415,67.02427281,original,,
Mahfooz_Coach,Surjani Town - Sea View,Local Bus,8,Nazimabad,24.905865,67.0307183,original,,
Mahfooz_Coach,Surjani Town - Sea View,Local Bus,9,Golimar,24.9011071,67.0304545,original,,
Mahfooz_Coach,Surjani Town - Sea View,Local Bus,10,Ranchore Line,24.8617595,67.0131894,original,,
Mahfooz_Coach,Surjani Town - Sea View,Local Bus,11,Kmc Workshop,24.8635315,67.009908,original,,
Mahfooz_Coach,Surjani Town - Sea View,Local Bus,12,Baba Urdu Road,24.9024963,67.0502744,original,,
Mahfooz_Coach,Surjani Town - Sea View,Local Bus,13,Ziauddin Hospital,24.8163998,67.0033913,original,,
Mahfooz_Coach,Surjani Town - Sea View,Local Bus,14,Khaliq u zaman Road,24.83568554,67.03696005,original,,
Mahfooz_Coach,Surjani Town - Sea View,Local Bus,15,Khayaban e jami,24.8279566,67.0567042,original,,
Mahfooz_Coach,Surjani Town - Sea View,Local Bus,16,Khayaban e iqbal,24.7734899,67.0630016,original,,
Mahfooz_Coach,Surjani Town - Sea View,Local Bus,17,Hatim Alvi Road,24.8146629,67.0313429,original,,
Mahfooz_Coach,Surjani Town - Sea View,Local Bus,18,26th Street,24.8157977,67.0381097,original,,
Mahfooz_Coach,Surjani Town - Sea View,Local Bus,19,Abdullah Shah Ghazi Road,24.81077366,67.0308951,original,,
Mahfooz_Coach,Surjani Town - Sea View,Local Bus,20,Khayaban e shanshee,24.90818873,67.10632312,original,,
Mahfooz_Coach,Surjani Town - Sea View,Local Bus,21,Sea View,24.8252664,67.0427374,original,,
National_Coach,Gulshan e bahar - Chaman Colony,Local Bus,1,Gulshan e bahar,24.9773904,66.9912939,original,,
National_Coach,Gulshan e bahar - Chaman Colony,Local Bus,2,Orangi Town,24.9461056,67.0128813,original,,
National_Coach,Gulshan e bahar - Chaman Colony,Local Bus,3,Qasba Colony,24.9456648,67.0265919,original,,
National_Coach,Gulshan e bahar - Chaman Colony,Local Bus,4,Banaras Chowk,24.9325016,67.0153877,original,,
National_Coach,Gulshan e bahar - Chaman Colony,Local Bus,5,Paposh Nagar,24.92435225,67.01990575,original,,
National_Coach,Gulshan e bahar - Chaman Colony,Local Bus,6,Nazimabad No 7,24.9161806,67.0345881,original,,
National_Coach,Gulshan e bahar - Chaman Colony,Local Bus,7,Petrol Pump,24.91049797,67.0317775,original,,
National_Coach,Gulshan e bahar - Chaman Colony,Local Bus,8,Liaquatabad No 10,24.9029771,67.0386279,original,,
National_Coach,Gulshan e bahar - Chaman Colony,Local Bus,9,Hassan Square,24.9015402,67.0738387,original,,
National_Coach,Gulshan e bahar - Chaman Colony,Local Bus,10,University Road,24.9270099,67.1101087,original,,
National_Coach,Gulshan e bahar - Chaman Colony,Local Bus,11,Nipa Chowrangi,24.917822,67.0971368,original,,
National_Coach,Gulshan e bahar - Chaman Colony,Local Bus,12,Rashid Minhas Road,24.9380391,67.085045,original,,
National_Coach,Gulshan e bahar - Chaman Colony,Local Bus,13,Drigh Road,24.8866864,67.1258404,original,,
National_Coach,Gulshan e bahar - Chaman Colony,Local Bus,14,Shahrah Faisal,24.8567501,67.0431288,original,,
National_Coach,Gulshan e bahar - Chaman Colony,Local Bus,15,Jinnah Ave,24.8981084,67.1799093,original,,
National_Coach,Gulshan e bahar - Chaman Colony,Local Bus,16,Model Colony,24.9064673,67.1854632,original,,
National_Coach,Gulshan e bahar - Chaman Colony,Local Bus,17,Saudabad,24.8891859,67.1935454,original,,
National_Coach,Gulshan e bahar - Chaman Colony,Local Bus,18,Khokrapar,24.89977085,67.20235074,original,,
National_Coach,Gulshan e bahar - Chaman Colony,Local Bus,19,Chaman Colony,24.93500125,67.14069171,original,,
Omar_Coach,Mohajir Camp No 7 - Surjani Town,Local Bus,1,Mohajir Camp No 7,24.90666448,66.9610551,original,,
Omar_Coach,Mohajir Camp No 7 - Surjani Town,Local Bus,2,Mohajir Camp No 5,24.9084564,66.95885766,original,,
Omar_Coach,Mohajir Camp No 7 - Surjani Town,Local Bus,3,Mohajir Camp No 4,24.91052256,66.95656951,original,,
Omar_Coach,Mohajir Camp No 7 - Surjani Town,Local Bus,4,Shershah,24.8840043,66.9930042,original,,
Omar_Coach,Mohajir Camp No 7 - Surjani Town,Local Bus,5,Gulbai,24.8826765,67.0310748,original,,
Omar_Coach,Mohajir Camp No 7 - Surjani Town,Local Bus,6,Tower,24.8487511,66.996677,original,,
Omar_Coach,Mohajir Camp No 7 - Surjani Town,Local Bus,7,M.a Jinnah Road,24.8750228,67.0372144,original,,
Omar_Coach,Mohajir Camp No 7 - Surjani Town,Local Bus,8,Numaish,24.8733627,67.0359938,original,,
Omar_Coach,Mohajir Camp No 7 - Surjani Town,Local Bus,9,Islamia College,24.8797964,67.04616588,original,,
Omar_Coach,Mohajir Camp No 7 - Surjani Town,Local Bus,10,Purani Sabzi Mandi,24.89882325,67.06557071,original,,
Omar_Coach,Mohajir Camp No 7 - Surjani Town,Local Bus,11,Nipa Chowrangi,24.917822,67.0971368,original,,
Omar_Coach,Mohajir Camp No 7 - Surjani Town,Local Bus,12,Fazal Mills,24.84714,67.1713711,original,,
Omar_Coach,Mohajir Camp No 7 - Surjani Town,Local Bus,13,Power House,24.9529226,67.0774852,original,,
Omar_Coach,Mohajir Camp No 7 - Surjani Town,Local Bus,14,Nagan Chowrangi,24.9650421,67.0668664,original,,
Omar_Coach,Mohajir Camp No 7 - Surjani Town,Local Bus,15,Khawaja Ajmeer Nagri,24.98553693,67.05912991,original,,
Omar_Coach,Mohajir Camp No 7 - Surjani Town,Local Bus,16,Surjani Town,25.0770299,67.073576,original,,
P-9,Memon Goth - Hub River Road,Local Bus,1,Memon Goth,24.92434485,67.25027338,original,,
P-9,Memon Goth - Hub River Road,Local Bus,2,Jama Goth,24.9899914,67.0831599,original,,
P-9,Memon Goth - Hub River Road,Local Bus,3,Asso Goth,24.8792058,67.19719431,original,,
P-9,Memon Goth - Hub River Road,Local Bus,4,Shahrah Faisal,24.8567501,67.0431288,original,,
P-9,Memon Goth - Hub River Road,Local Bus,5,Drigh Road,24.8866864,67.1258404,original,,
P-9,Memon Goth - Hub River Road,Local Bus,6,Dalimia Cement Factory,24.90335927,67.10037665,original,,
P-9,Memon Goth - Hub River Road,Local Bus,7,National Stadium,24.8946458,67.08160851,original,,
P-9,Memon Goth - Hub River Road,Local Bus,8,Jail Chowrangi,24.8848564,67.0565777,original,,
P-9,Memon Goth - Hub River Road,Local Bus,9,P.i.b Colony,24.89497742,67.05440128,original,,
P-9,Memon Goth - Hub River Road,Local Bus,10,Teen Hatti,24.8937682,67.0437051,original,,
P-9,Memon Goth - Hub River Road,Local Bus,11,Lasbela Chowk,24.8873906,67.0330192,original,,
P-9,Memon Goth - Hub River Road,Local Bus,12,Garden,24.8457029,67.0234024,original,,
P-9,Memon Goth - Hub River Road,Local Bus,13,Shoe Market,24.872303,67.01801071,original,,
P-9,Memon Goth - Hub River Road,Local Bus,14,Ranchore Line,24.8617595,67.0131894,original,,
P-9,Memon Goth - Hub River Road,Local Bus,15,Haji Camp,24.84404605,67.03777688,original,,
P-9,Memon Goth - Hub River Road,Local Bus,16,Lee Market,24.860696,67.0005244,original,,
P-9,Memon Goth - Hub River Road,Local Bus,17,Chakiwara,24.8642134,66.99972,original,,
P-9,Memon Goth - Hub River Road,Local Bus,18,Shershah,24.8840043,66.9930042,original,,
P-9,Memon Goth - Hub River Road,Local Bus,19,Hub River Road,24.93284598,66.94017054,original,,
S-2,Korangi 100 Quarter - Ayub Goth,Local Bus,1,Korangi 100 Quarter,24.83458358,67.07197837,original,,
S-2,Korangi 100 Quarter - Ayub Goth,Local Bus,2,Coast Guard,24.86889805,67.02589479,original,,
S-2,Korangi 100 Quarter - Ayub Goth,Local Bus,3,Korangi No 2,24.83869365,67.12041382,original,,
S-2,Korangi 100 Quarter - Ayub Goth,Local Bus,4,Korangi No 1,24.8223732,67.13282462,original,,
S-2,Korangi 100 Quarter - Ayub Goth,Local Bus,5,Korangi Crossing,24.81718886,67.10777973,original,,
S-2,Korangi 100 Quarter - Ayub Goth,Local Bus,6,Qayyumabad,24.8293018,67.0809166,original,,
S-2,Korangi 100 Quarter - Ayub Goth,Local Bus,7,Defence View,24.83483,67.0760721,original,,
S-2,Korangi 100 Quarter - Ayub Goth,Local Bus,8,Baloch Colony,24.87176,67.0797974,original,,
S-2,Korangi 100 Quarter - Ayub Goth,Local Bus,9,Tariq Road,24.8676607,67.0573009,original,,
S-2,Korangi 100 Quarter - Ayub Goth,Local Bus,10,Shaheed e millat Road,24.8864065,67.0541672,original,,
S-2,Korangi 100 Quarter - Ayub Goth,Local Bus,11,Jail Road,24.8891661,67.0515129,original,,
S-2,Korangi 100 Quarter - Ayub Goth,Local Bus,12,Purani Sabzi Mandi,24.89882325,67.06557071,original,,
S-2,Korangi 100 Quarter - Ayub Goth,Local Bus,13,Hassan Square,24.9015402,67.0738387,original,,
S-2,Korangi 100 Quarter - Ayub Goth,Local Bus,14,Nipa Chowrangi,24.917822,67.0971368,original,,
S-2,Korangi 100 Quarter - Ayub Goth,Local Bus,15,Rashid Minhas Road,24.9380391,67.085045,original,,
S-2,Korangi 100 Quarter - Ayub Goth,Local Bus,16,Sohrab Goth,24.9436845,67.0843456,original,,
S-2,Korangi 100 Quarter - Ayub Goth,Local Bus,17,Shahrah Waliullah Road,24.85976513,66.99121863,original,,
S-2,Korangi 100 Quarter - Ayub Goth,Local Bus,18,Power House,24.9529226,67.0774852,original,,
S-2,Korangi 100 Quarter - Ayub Goth,Local Bus,19,Shafiq Mor,24.85644702,67.0001716,original,,
S-2,Korangi 100 Quarter - Ayub Goth,Local Bus,20,Godhra Chowk,24.9668625,67.07866381,original,,
S-2,Korangi 100 Quarter - Ayub Goth,Local Bus,21,Industrial Area,24.86347665,67.01064067,original,,
S-2,Korangi 100 Quarter - Ayub Goth,Local Bus,22,Godhra Camp,24.98034183,67.0561587,original,,
S-2,Korangi 100 Quarter - Ayub Goth,Local Bus,23,Saba Cinema,24.98674855,67.08578867,original,,
S-2,Korangi 100 Quarter - Ayub Goth,Local Bus,24,Ayub Goth,24.9478873,67.131024,original,,
S-3,Ahsanabad - Ibrahim Hyderi,Local Bus,1,Ahsanabad,24.9977372,67.114495,original,,
S-3,Ahsanabad - Ibrahim Hyderi,Local Bus,2,Maymar Complex,24.95645234,67.09323659,original,,
S-3,Ahsanabad - Ibrahim Hyderi,Local Bus,3,Al Asif Square,24.9510215,67.0915684,original,,
S-3,Ahsanabad - Ibrahim Hyderi,Local Bus,4,Sohrab Goth,24.9436845,67.0843456,original,,
S-3,Ahsanabad - Ibrahim Hyderi,Local Bus,5,Nipa Chowrangi,24.917822,67.0971368,original,,
S-3,Ahsanabad - Ibrahim Hyderi,Local Bus,6,Civic Centre,24.90068052,67.07315729,original,,
S-3,Ahsanabad - Ibrahim Hyderi,Local Bus,7,Agha Khan Hospital,24.8293087,67.0655315,original,,
S-3,Ahsanabad - Ibrahim Hyderi,Local Bus,8,Jail Chowrangi,24.8848564,67.0565777,original,,
S-3,Ahsanabad - Ibrahim Hyderi,Local Bus,9,Shaheed e millat Road,24.8864065,67.0541672,original,,
S-3,Ahsanabad - Ibrahim Hyderi,Local Bus,10,Baloch Colony,24.87176,67.0797974,original,,
S-3,Ahsanabad - Ibrahim Hyderi,Local Bus,11,Korangi No 3,24.83465038,67.09980991,original,,
S-3,Ahsanabad - Ibrahim Hyderi,Local Bus,12,Akbar Shah Goth,24.82258979,67.19898377,original,,
S-3,Ahsanabad - Ibrahim Hyderi,Local Bus,13,Ibrahim Hyderi,24.797538,67.1358935,original,,
Safari_Coach,Maroora Goth - Mianwali Colony,Local Bus,1,Maroora Goth,24.95034959,67.14176949,original,,
Safari_Coach,Maroora Goth - Mianwali Colony,Local Bus,2,Safoora Goth,24.9392946,67.1561264,original,,
Safari_Coach,Maroora Goth - Mianwali Colony,Local Bus,3,Gulistan e jouhar,24.9311811,67.1570819,original,,
Safari_Coach,Maroora Goth - Mianwali Colony,Local Bus,4,University Road,24.9270099,67.1101087,original,,
Safari_Coach,Maroora Goth - Mianwali Colony,Local Bus,5,Nipa Chowrangi,24.917822,67.0971368,original,,
Safari_Coach,Maroora Goth - Mianwali Colony,Local Bus,6,Hassan Square,24.9015402,67.0738387,original,,
Safari_Coach,Maroora Goth - Mianwali Colony,Local Bus,7,Purani Sabzi Mandi,24.89882325,67.06557071,original,,
Safari_Coach,Maroora Goth - Mianwali Colony,Local Bus,8,Shaheed e millat Road,24.8864065,67.0541672,original,,
Safari_Coach,Maroora Goth - Mianwali Colony,Local Bus,9,Tariq Road,24.8676607,67.0573009,original,,
Safari_Coach,Maroora Goth - Mianwali Colony,Local Bus,10,Shahrah e quaideen,24.8651138,67.0553967,original,,
Safari_Coach,Maroora Goth - Mianwali Colony,Local Bus,11,Gora Qabristan,24.8547228,67.05054461,original,,
Safari_Coach,Maroora Goth - Mianwali Colony,Local Bus,12,Korangi Road,24.8344317,67.0726736,original,,
Safari_Coach,Maroora Goth - Mianwali Colony,Local Bus,13,Defence Mor,24.8336954,67.0736861,original,,
Safari_Coach,Maroora Goth - Mianwali Colony,Local Bus,14,Punjab Chowrangi,24.82842376,67.04419104,original,,
Safari_Coach,Maroora Goth - Mianwali Colony,Local Bus,15,Gizri,24.8245033,67.0469435,original,,
Safari_Coach,Maroora Goth - Mianwali Colony,Local Bus,16,Saudi Embassy,24.8167137,67.051722,original,,
Safari_Coach,Maroora Goth - Mianwali Colony,Local Bus,17,Abdullah Shah Ghazi Road,24.81077366,67.0308951,original,,
Safari_Coach,Maroora Goth - Mianwali Colony,Local Bus,18,Clifton,24.8180162,67.0070534,original,,
Safari_Coach,Maroora Goth - Mianwali Colony,Local Bus,19,Boat Basin,24.82144905,67.01830424,original,,
Safari_Coach,Maroora Goth - Mianwali Colony,Local Bus,20,Bilawal Chowrangi,24.81580756,67.02027104,original,,
Safari_Coach,Maroora Goth - Mianwali Colony,Local Bus,21,Mai Kolachi Road,24.8288533,67.0197795,original,,
Safari_Coach,Maroora Goth - Mianwali Colony,Local Bus,22,Tower,24.8487511,66.996677,original,,
Safari_Coach,Maroora Goth - Mianwali Colony,Local Bus,23,Gulbai,24.8826765,67.0310748,original,,
Safari_Coach,Maroora Goth - Mianwali Colony,Local Bus,24,Shershah,24.8840043,66.9930042,original,,
Safari_Coach,Maroora Goth - Mianwali Colony,Local Bus,25,Habib Bank,24.9365406,67.0656617,original,,
Safari_Coach,Maroora Goth - Mianwali Colony,Local Bus,26,Banaras Chowk,24.9325016,67.0153877,original,,
Safari_Coach,Maroora Goth - Mianwali Colony,Local Bus,27,Qasba Colony,24.9456648,67.0265919,original,,
Safari_Coach,Maroora Goth - Mianwali Colony,Local Bus,28,Mianwali Colony,24.88068049,67.00832269,original,,
Shaheen_Coach,New Sabzi Mandi - Gulbai,Local Bus,1,New Sabzi Mandi,24.99389573,67.15636147,original,,
Shaheen_Coach,New Sabzi Mandi - Gulbai,Local Bus,2,Gulshan e roofi,24.91901645,67.17247006,original,,
Shaheen_Coach,New Sabzi Mandi - Gulbai,Local Bus,3,Golden City,24.963969,67.135248,original,,
Shaheen_Coach,New Sabzi Mandi - Gulbai,Local Bus,4,Maroora Goth,24.95034959,67.14176949,original,,
Shaheen_Coach,New Sabzi Mandi - Gulbai,Local Bus,5,Safoora Goth,24.9392946,67.1561264,original,,
Shaheen_Coach,New Sabzi Mandi - Gulbai,Local Bus,6,Karachi University,24.8787907,67.04753855,original,,
Shaheen_Coach,New Sabzi Mandi - Gulbai,Local Bus,7,Nipa Chowrangi,24.917822,67.0971368,original,,
Shaheen_Coach,New Sabzi Mandi - Gulbai,Local Bus,8,Hassan Square,24.9015402,67.0738387,original,,
Shaheen_Coach,New Sabzi Mandi - Gulbai,Local Bus,9,Purani Sabzi Mandi,24.89882325,67.06557071,original,,
Shaheen_Coach,New Sabzi Mandi - Gulbai,Local Bus,10,Islamia College,24.8797964,67.04616588,original,,
Shaheen_Coach,New Sabzi Mandi - Gulbai,Local Bus,11,Mazar e quaid,24.87549,67.04085,original,,
Shaheen_Coach,New Sabzi Mandi - Gulbai,Local Bus,12,Numaish,24.8733627,67.0359938,original,,
Shaheen_Coach,New Sabzi Mandi - Gulbai,Local Bus,13,M.a Jinnah Road,24.8750228,67.0372144,original,,
Shaheen_Coach,New Sabzi Mandi - Gulbai,Local Bus,14,Jama Cloth Market,24.85878235,67.0144873,original,,
Shaheen_Coach,New Sabzi Mandi - Gulbai,Local Bus,15,Tower,24.8487511,66.996677,original,,
Shaheen_Coach,New Sabzi Mandi - Gulbai,Local Bus,16,Kharadar,24.8500499,66.9943642,original,,
Shaheen_Coach,New Sabzi Mandi - Gulbai,Local Bus,17,Agra Taj Colony,24.8714202,66.9826114,original,,
Shaheen_Coach,New Sabzi Mandi - Gulbai,Local Bus,18,Gulbai,24.8826765,67.0310748,original,,
Sheraz_Coach,Safoora Goth - Coast Guard,Local Bus,1,Safoora Goth,24.9392946,67.1561264,original,,
Sheraz_Coach,Safoora Goth - Coast Guard,Local Bus,2,University Road,24.9270099,67.1101087,original,,
Sheraz_Coach,Safoora Goth - Coast Guard,Local Bus,3,Safari Park,24.92050075,67.11144638,original,,
Sheraz_Coach,Safoora Goth - Coast Guard,Local Bus,4,Nipa Chowrangi,24.917822,67.0971368,original,,
Sheraz_Coach,Safoora Goth - Coast Guard,Local Bus,5,Urdu College,24.9130813,67.0912676,original,,
Sheraz_Coach,Safoora Goth - Coast Guard,Local Bus,6,Hassan Square,24.9015402,67.0738387,original,,
Sheraz_Coach,Safoora Goth - Coast Guard,Local Bus,7,Purani Sabzi Mandi,24.89882325,67.06557071,original,,
Sheraz_Coach,Safoora Goth - Coast Guard,Local Bus,8,New Town,24.8839633,67.05543308,original,,
Sheraz_Coach,Safoora Goth - Coast Guard,Local Bus,9,Jail Road,24.8891661,67.0515129,original,,
Sheraz_Coach,Safoora Goth - Coast Guard,Local Bus,10,Plaza,24.86122718,67.02826291,original,,
Sheraz_Coach,Safoora Goth - Coast Guard,Local Bus,11,Jama Cloth Market,24.85878235,67.0144873,original,,
Sheraz_Coach,Safoora Goth - Coast Guard,Local Bus,12,Denso Hall,24.8534466,67.0049098,original,,
Sheraz_Coach,Safoora Goth - Coast Guard,Local Bus,13,Bolton Market,24.8520779,67.00173602,original,,
Sheraz_Coach,Safoora Goth - Coast Guard,Local Bus,14,Tower,24.8487511,66.996677,original,,
Sheraz_Coach,Safoora Goth - Coast Guard,Local Bus,15,Khoja Jamat Khana,24.85207381,66.99809644,original,,
Sheraz_Coach,Safoora Goth - Coast Guard,Local Bus,16,G.allana Road,24.8482264,66.9953808,original,,
Sheraz_Coach,Safoora Goth - Coast Guard,Local Bus,17,Bolton Market,24.8520779,67.00173602,original,,
Sheraz_Coach,Safoora Goth - Coast Guard,Local Bus,18,Tower,24.8487511,66.996677,original,,
Sheraz_Coach,Safoora Goth - Coast Guard,Local Bus,19,Gulbai,24.8826765,67.0310748,original,,
Sheraz_Coach,Safoora Goth - Coast Guard,Local Bus,20,Coast Guard,24.86889805,67.02589479,original,,
Starline_Coach,Metroville No Iii - Naval Colony,Local Bus,1,Metroville No Iii,24.9454001,67.10833264,original,,
Starline_Coach,Metroville No Iii - Naval Colony,Local Bus,2,Abul Hassan Isphani Road,24.9271157,67.1096815,original,,
Starline_Coach,Metroville No Iii - Naval Colony,Local Bus,3,Dhoraji Colony,24.88726055,67.07702959,original,,
Starline_Coach,Metroville No Iii - Naval Colony,Local Bus,4,Disco Chowk,24.8515963,67.029931,original,,
Starline_Coach,Metroville No Iii - Naval Colony,Local Bus,5,Gulshan Chowrangi,24.9246131,67.0912849,original,,
Starline_Coach,Metroville No Iii - Naval Colony,Local Bus,6,Nipa Chowrangi,24.917822,67.0971368,original,,
Starline_Coach,Metroville No Iii - Naval Colony,Local Bus,7,Civic Centre,24.90068052,67.07315729,original,,
Starline_Coach,Metroville No Iii - Naval Colony,Local Bus,8,National Stadium,24.8946458,67.08160851,original,,
Starline_Coach,Metroville No Iii - Naval Colony,Local Bus,9,Agha Khan Hospital,24.8293087,67.0655315,original,,
Starline_Coach,Metroville No Iii - Naval Colony,Local Bus,10,Bahadurabad,24.88359275,67.06708455,original,,
Starline_Coach,Metroville No Iii - Naval Colony,Local Bus,11,Shaheed e millat Road,24.8864065,67.0541672,original,,
Starline_Coach,Metroville No Iii - Naval Colony,Local Bus,12,Shahrah Faisal,24.8567501,67.0431288,original,,
Starline_Coach,Metroville No Iii - Naval Colony,Local Bus,13,Taj Mahal Hotel,24.90680119,67.06855684,original,,
Starline_Coach,Metroville No Iii - Naval Colony,Local Bus,14,Jinnah Hospital,24.8517423,67.0471346,original,,
Starline_Coach,Metroville No Iii - Naval Colony,Local Bus,15,Askari Apartment,24.8335583,67.0389041,original,,
Starline_Coach,Metroville No Iii - Naval Colony,Local Bus,16,Cantt Station,24.8437905,67.04114382,original,,
Starline_Coach,Metroville No Iii - Naval Colony,Local Bus,17,Indian High Commission Office,24.84578399,67.03467532,original,,
Starline_Coach,Metroville No Iii - Naval Colony,Local Bus,18,Fatima Jinnah Road,24.8727906,67.0896304,original,,
Starline_Coach,Metroville No Iii - Naval Colony,Local Bus,19,Metropole Hotel,24.8504651,67.03017331,original,,
Starline_Coach,Metroville No Iii - Naval Colony,Local Bus,20,Musical Fountain,24.8540051,67.029177,original,,
Starline_Coach,Metroville No Iii - Naval Colony,Local Bus,21,Strachen Road,24.85374849,67.01705987,original,,
Starline_Coach,Metroville No Iii - Naval Colony,Local Bus,22,Tower,24.8487511,66.996677,original,,
Starline_Coach,Metroville No Iii - Naval Colony,Local Bus,23,Kharadar,24.8500499,66.9943642,original,,
Starline_Coach,Metroville No Iii - Naval Colony,Local Bus,24,Agra Taj Colony,24.8714202,66.9826114,original,,
Starline_Coach,Metroville No Iii - Naval Colony,Local Bus,25,Gulbai,24.8826765,67.0310748,original,,
Starline_Coach,Metroville No Iii - Naval Colony,Local Bus,26,Shershah,24.8840043,66.9930042,original,,
Starline_Coach,Metroville No Iii - Naval Colony,Local Bus,27,Baldia Town,24.9189599,66.9877365,original,,
Starline_Coach,Metroville No Iii - Naval Colony,Local Bus,28,Baldia Swat Colony,24.91978465,66.96940301,original,,
Starline_Coach,Metroville No Iii - Naval Colony,Local Bus,29,Moach Goth,24.9213204,66.94344325,original,,
Starline_Coach,Metroville No Iii - Naval Colony,Local Bus,30,Naval Colony,24.9421646,66.9348258,original,,
Super_Hassan_Zai_Coach,Al azam Town - Kothari Parade,Local Bus,1,Al azam Town,24.95203,67.09327,original,,
Super_Hassan_Zai_Coach,Al azam Town - Kothari Parade,Local Bus,2,Sohrab Goth,24.9436845,67.0843456,original,,
Super_Hassan_Zai_Coach,Al azam Town - Kothari Parade,Local Bus,3,Moti Mehal,24.92697799,67.08917944,original,,
Super_Hassan_Zai_Coach,Al azam Town - Kothari Parade,Local Bus,4,Nipa Chowrangi,24.917822,67.0971368,original,,
Super_Hassan_Zai_Coach,Al azam Town - Kothari Parade,Local Bus,5,Civic Centre,24.90068052,67.07315729,original,,
Super_Hassan_Zai_Coach,Al azam Town - Kothari Parade,Local Bus,6,Purani Sabzi Mandi,24.89882325,67.06557071,original,,
Super_Hassan_Zai_Coach,Al azam Town - Kothari Parade,Local Bus,7,Jail Chowrangi,24.8848564,67.0565777,original,,
Super_Hassan_Zai_Coach,Al azam Town - Kothari Parade,Local Bus,8,Khalid Bin Waleed Road,24.8784517,67.0596749,original,,
Super_Hassan_Zai_Coach,Al azam Town - Kothari Parade,Local Bus,9,Shahrah e quaideen,24.8651138,67.0553967,original,,
Super_Hassan_Zai_Coach,Al azam Town - Kothari Parade,Local Bus,10,Nursery,24.9163873,67.1224255,original,,
Super_Hassan_Zai_Coach,Al azam Town - Kothari Parade,Local Bus,11,Shahrah Faisal,24.8567501,67.0431288,original,,
Super_Hassan_Zai_Coach,Al azam Town - Kothari Parade,Local Bus,12,Ftc,24.8583003,67.05220275,original,,
Super_Hassan_Zai_Coach,Al azam Town - Kothari Parade,Local Bus,13,Taj Mahal Hotel,24.90680119,67.06855684,original,,
Super_Hassan_Zai_Coach,Al azam Town - Kothari Parade,Local Bus,14,Jinnah Hospital,24.8517423,67.0471346,original,,
Super_Hassan_Zai_Coach,Al azam Town - Kothari Parade,Local Bus,15,Cantt Station,24.8437905,67.04114382,original,,
Super_Hassan_Zai_Coach,Al azam Town - Kothari Parade,Local Bus,16,Teen Hatti,24.8937682,67.0437051,original,,
Super_Hassan_Zai_Coach,Al azam Town - Kothari Parade,Local Bus,17,3 Talwar,24.8338179,67.033666,original,,
Super_Hassan_Zai_Coach,Al azam Town - Kothari Parade,Local Bus,18,Mid East Hospital,24.96467221,67.03735102,original,,
Super_Hassan_Zai_Coach,Al azam Town - Kothari Parade,Local Bus,19,Kothari Parade,24.81286405,67.02681095,original,,
U-1,Manzoor Colony - Rasheedabad,Local Bus,1,Manzoor Colony,24.84588,67.0873347,original,,
U-1,Manzoor Colony - Rasheedabad,Local Bus,2,100 Ft Road,24.8546842,67.0207055,original,,
U-1,Manzoor Colony - Rasheedabad,Local Bus,3,Azam Basti,24.8481043,67.0746834,original,,
U-1,Manzoor Colony - Rasheedabad,Local Bus,4,Kalapul,24.8480594,67.0485377,original,,
U-1,Manzoor Colony - Rasheedabad,Local Bus,5,Jinnah Hospital,24.8517423,67.0471346,original,,
U-1,Manzoor Colony - Rasheedabad,Local Bus,6,Luck Star Hotel,24.87104337,67.00544724,original,,
U-1,Manzoor Colony - Rasheedabad,Local Bus,7,Mansfield Street,24.8648812,67.0293905,original,,
U-1,Manzoor Colony - Rasheedabad,Local Bus,8,Empress Market,24.8620983,67.0294872,original,,
U-1,Manzoor Colony - Rasheedabad,Local Bus,9,Regal Chowk,24.8604633,67.0244318,original,,
U-1,Manzoor Colony - Rasheedabad,Local Bus,10,Tibbat Centre,24.86288486,67.02198731,original,,
U-1,Manzoor Colony - Rasheedabad,Local Bus,11,M.a Jinnah Road,24.8750228,67.0372144,original,,
U-1,Manzoor Colony - Rasheedabad,Local Bus,12,Jama Cloth Market,24.85878235,67.0144873,original,,
U-1,Manzoor Colony - Rasheedabad,Local Bus,13,City Court,24.8558392,67.0054719,original,,
U-1,Manzoor Colony - Rasheedabad,Local Bus,14,Juna Market,24.856877,67.0021881,original,,
U-1,Manzoor Colony - Rasheedabad,Local Bus,15,Lee Market,24.860696,67.0005244,original,,
U-1,Manzoor Colony - Rasheedabad,Local Bus,16,Kakri Ground,24.85625375,66.99868385,original,,
U-1,Manzoor Colony - Rasheedabad,Local Bus,17,Masan Road,24.82079328,66.99635811,original,,
U-1,Manzoor Colony - Rasheedabad,Local Bus,18,Agra Taj Colony,24.8714202,66.9826114,original,,
U-1,Manzoor Colony - Rasheedabad,Local Bus,19,Rasheedabad,24.9834401,67.0472181,original,,
X-20,Saadi Town - Qasim Ali Shah,Local Bus,1,Saadi Town,24.9676249,67.1721202,original,,
X-20,Saadi Town - Qasim Ali Shah,Local Bus,2,Gulshan Umar,24.89838923,67.02320287,original,,
X-20,Saadi Town - Qasim Ali Shah,Local Bus,3,Race Course,24.83722515,67.04144927,original,,
X-20,Saadi Town - Qasim Ali Shah,Local Bus,4,Safoora Goth,24.9392946,67.1561264,original,,
X-20,Saadi Town - Qasim Ali Shah,Local Bus,5,Karachi University,24.8787907,67.04753855,original,,
X-20,Saadi Town - Qasim Ali Shah,Local Bus,6,Nipa Chowrangi,24.917822,67.0971368,original,,
X-20,Saadi Town - Qasim Ali Shah,Local Bus,7,Hassan Square,24.9015402,67.0738387,original,,
X-20,Saadi Town - Qasim Ali Shah,Local Bus,8,Jail Road,24.8891661,67.0515129,original,,
X-20,Saadi Town - Qasim Ali Shah,Local Bus,9,Plaza,24.86122718,67.02826291,original,,
X-20,Saadi Town - Qasim Ali Shah,Local Bus,10,Ramsawami,24.86779742,67.01565362,original,,
X-20,Saadi Town - Qasim Ali Shah,Local Bus,11,Shershah Ghani Chowrangi,24.89105068,66.98496181,original,,
X-20,Saadi Town - Qasim Ali Shah,Local Bus,12,Labour Square,24.8384436,67.1485025,original,,
X-20,Saadi Town - Qasim Ali Shah,Local Bus,13,Rasheedabad,24.9834401,67.0472181,original,,
X-20,Saadi Town - Qasim Ali Shah,Local Bus,14,Chandni Chowk,24.8906817,67.06336249,original,,
X-20,Saadi Town - Qasim Ali Shah,Local Bus,15,Moach Colony,24.92856744,66.94279178,original,,
X-20,Saadi Town - Qasim Ali Shah,Local Bus,16,Qasim Ali Shah,24.95251713,67.12694343,original,,
X-25,Moach Goth - 26th Street,Local Bus,1,Moach Goth,24.9213204,66.94344325,original,,
X-25,Moach Goth - 26th Street,Local Bus,2,Shershah,24.8840043,66.9930042,original,,
X-25,Moach Goth - 26th Street,Local Bus,3,Pankha Hotel,24.88393211,66.99248645,original,,
X-25,Moach Goth - 26th Street,Local Bus,4,Mirza Adam Khan Road,24.8795462,66.9955743,original,,
X-25,Moach Goth - 26th Street,Local Bus,5,Agra Taj Hanif Manzil,24.87128745,66.98118327,original,,
X-25,Moach Goth - 26th Street,Local Bus,6,Kharadar,24.8500499,66.9943642,original,,
X-25,Moach Goth - 26th Street,Local Bus,7,Ismail Jamat Khana,24.85183825,66.99235714,original,,
X-25,Moach Goth - 26th Street,Local Bus,8,Tower,24.8487511,66.996677,original,,
X-25,Moach Goth - 26th Street,Local Bus,9,Keamari,24.80023885,66.97168461,original,,
X-25,Moach Goth - 26th Street,Local Bus,10,Kpt Ground,24.8215565,66.98692066,original,,
X-25,Moach Goth - 26th Street,Local Bus,11,Shirin Jinnah Colony,24.81768184,66.99454568,original,,
X-25,Moach Goth - 26th Street,Local Bus,12,Bilawal Chowrangi,24.81580756,67.02027104,original,,
X-25,Moach Goth - 26th Street,Local Bus,13,Clifton,24.8180162,67.0070534,original,,
X-25,Moach Goth - 26th Street,Local Bus,14,26th Street,24.8157977,67.0381097,original,,
X-8,Ittehad Town - Qayyumabad,Local Bus,1,Ittehad Town,24.9653497,66.9594937,original,,
X-8,Ittehad Town - Qayyumabad,Local Bus,2,Dawood Goth,24.9481475,66.9467232,original,,
X-8,Ittehad Town - Qayyumabad,Local Bus,3,Naval Colony,24.9421646,66.9348258,original,,
X-8,Ittehad Town - Qayyumabad,Local Bus,4,Moach Goth,24.9213204,66.94344325,original,,
X-8,Ittehad Town - Qayyumabad,Local Bus,5,Hub River Road,24.93284598,66.94017054,original,,
X-8,Ittehad Town - Qayyumabad,Local Bus,6,Shershah,24.8840043,66.9930042,original,,
X-8,Ittehad Town - Qayyumabad,Local Bus,7,Gulbai,24.8826765,67.0310748,original,,
X-8,Ittehad Town - Qayyumabad,Local Bus,8,Mauripur,24.8669367,66.9326569,original,,
X-8,Ittehad Town - Qayyumabad,Local Bus,9,Kharadar,24.8500499,66.9943642,original,,
X-8,Ittehad Town - Qayyumabad,Local Bus,10,Tower,24.8487511,66.996677,original,,
X-8,Ittehad Town - Qayyumabad,Local Bus,11,Keamari,24.80023885,66.97168461,original,,
X-8,Ittehad Town - Qayyumabad,Local Bus,12,Masan Road,24.82079328,66.99635811,original,,
X-8,Ittehad Town - Qayyumabad,Local Bus,13,Shirin Jinnah Colony,24.81768184,66.99454568,original,,
X-8,Ittehad Town - Qayyumabad,Local Bus,14,Abdullah Shah Ghazi Road,24.81077366,67.0308951,original,,
X-8,Ittehad Town - Qayyumabad,Local Bus,15,26th Street,24.8157977,67.0381097,original,,
X-8,Ittehad Town - Qayyumabad,Local Bus,16,Khyaban Shamsher,24.80824051,67.04300435,original,,
X-8,Ittehad Town - Qayyumabad,Local Bus,17,Saba Avenue,24.8056183,67.0313078,original,,
X-8,Ittehad Town - Qayyumabad,Local Bus,18,Khayaban E Ittehad,24.7788786,67.0550329,original,,
X-8,Ittehad Town - Qayyumabad,Local Bus,19,Qayyumabad,24.8293018,67.0809166,original,,
